Passo,Step,Valor do Passo,Duracao (s),Timestamp
0,"[False, True, False, False, False, True, False, True]",69,11.716840505599976,1752094822.656088
1,"[False, True, True, False, False, True, False, True]",101,0.19814586639404297,1752094822.8532329
2,"[False, True, False, False, False, True, False, True]",69,0.4482860565185547,1752094823.301519
3,"[False, True, False, True, True, False, False, True]",89,4.49825382232666,1752094827.800771
4,"[False, False, False, True, True, False, False, True]",25,0.2102804183959961,1752094828.0100532
5,"[True, False, False, True, True, False, True, False]",154,2.722318410873413,1752094830.7323716
6,"[True, False, False, False, True, False, True, False]",138,0.3659234046936035,1752094831.098295
7,"[True, False, True, False, True, False, True, False]",170,3.1926255226135254,1752094834.2909205
8,"[True, False, True, False, False, True, False, False]",164,0.0019927024841308594,1752094834.2929132
9,"[False, False, True, False, False, True, False, False]",36,0.42081642150878906,1752094834.7137296
10,"[False, False, False, False, False, True, False, False]",4,0.03232741355895996,1752094834.746057
11,"[False, True, False, False, False, True, False, True]",69,5.349649906158447,1752094840.095707
12,"[False, True, True, False, False, True, False, True]",101,0.1784651279449463,1752094840.274172
13,"[False, True, False, False, False, True, False, True]",69,0.4950265884399414,1752094840.7691987
14,"[False, True, False, True, True, False, False, True]",89,4.635332345962524,1752094845.404531
15,"[False, False, False, True, True, False, False, True]",25,0.13802123069763184,1752094845.5425522
16,"[True, False, False, True, True, False, True, False]",154,2.844174861907959,1752094848.386727
17,"[True, False, False, False, True, False, True, False]",138,0.3802475929260254,1752094848.7669747
18,"[True, False, True, False, False, False, False, False]",160,3.255722761154175,1752094852.0226974
19,"[True, False, True, False, False, True, False, False]",164,0.005333900451660156,1752094852.0290074
20,"[False, False, True, False, False, True, False, False]",36,0.4384925365447998,1752094852.466524
21,"[False, False, False, False, False, True, False, False]",4,0.015781164169311523,1752094852.4828107
22,"[False, True, False, False, False, True, False, True]",69,5.589376449584961,1752094858.07267
23,"[False, True, True, False, False, True, False, True]",101,0.18501901626586914,1752094858.2567005
24,"[False, True, False, False, False, True, False, True]",69,0.5113160610198975,1752094858.7680166
25,"[False, True, False, True, True, False, False, True]",89,4.757230043411255,1752094863.5252466
26,"[False, False, False, True, True, False, False, True]",25,0.13825511932373047,1752094863.6635017
27,"[True, False, False, True, True, False, True, False]",154,2.877802610397339,1752094866.5413043
28,"[True, False, False, False, True, False, True, False]",138,0.3895907402038574,1752094866.930895
29,"[True, False, True, False, False, False, False, False]",160,3.286717176437378,1752094870.2176123
30,"[True, False, True, False, False, True, False, False]",164,0.002003908157348633,1752094870.220616
31,"[False, False, True, False, False, True, False, False]",36,0.4419832229614258,1752094870.6615994
32,"[False, False, False, False, False, True, False, False]",4,0.017939090728759766,1752094870.6795385
33,"[False, True, False, False, False, True, False, True]",69,5.630785942077637,1752094876.3103244
34,"[False, True, True, False, False, True, False, True]",101,0.18666887283325195,1752094876.4969933
35,"[False, True, False, False, False, True, False, True]",69,0.517791748046875,1752094877.014785
36,"[False, True, False, True, True, False, False, True]",89,4.816806316375732,1752094881.8315914
37,"[False, False, False, True, True, False, False, True]",25,0.13966727256774902,1752094881.9712586
38,"[True, False, False, True, True, False, True, False]",154,2.9127397537231445,1752094884.8839984
39,"[True, False, False, False, True, False, True, False]",138,0.37656378746032715,1752094885.2605622
41,"[True, False, True, False, False, True, False, False]",164,0.0020072460174560547,1752094888.5837219
40,"[True, False, True, False, False, False, False, False]",160,3.321152448654175,1752094888.5817146
42,"[False, False, True, False, False, True, False, False]",36,0.44569897651672363,1752094889.0294209
43,"[False, False, False, False, False, True, False, False]",4,0.017935991287231445,1752094889.0473568
44,"[False, True, False, False, False, True, False, True]",69,5.678754091262817,1752094894.726111
45,"[False, True, True, False, False, True, False, True]",101,0.1878643035888672,1752094894.9139752
46,"[False, True, False, False, False, True, False, True]",69,0.5301337242126465,1752094895.444109
47,"[False, True, False, True, True, False, False, True]",89,4.840231418609619,1752094900.2843404
48,"[False, False, False, True, True, False, False, True]",25,0.1411583423614502,1752094900.4254987
49,"[True, False, False, True, True, False, True, False]",154,2.9402313232421875,1752094903.36573
50,"[True, False, False, False, True, False, True, False]",138,0.379514217376709,1752094903.7452443
51,"[True, False, True, False, False, False, False, False]",160,3.343254327774048,1752094907.0884986
52,"[True, False, True, False, False, True, False, False]",164,0.001996755599975586,1752094907.0904953
53,"[False, False, True, False, False, True, False, False]",36,0.45063018798828125,1752094907.5411255
54,"[False, False, False, False, False, True, False, False]",4,0.014000892639160156,1752094907.5551264
55,"[False, True, False, False, False, True, False, True]",69,5.730747699737549,1752094913.2858741
56,"[False, True, True, False, False, True, False, True]",101,0.19235873222351074,1752094913.4782329
57,"[False, True, False, False, False, True, False, True]",69,0.5397448539733887,1752094914.0179777
58,"[False, True, False, True, True, False, False, True]",89,4.875358581542969,1752094918.8933363
59,"[False, False, False, True, True, False, False, True]",25,0.14028477668762207,1752094919.033621
60,"[True, False, False, True, True, False, True, False]",154,2.9600131511688232,1752094921.9936342
61,"[True, False, False, False, True, False, True, False]",138,0.3835015296936035,1752094922.3771358
62,"[True, False, True, False, True, False, True, False]",170,3.367748260498047,1752094925.744884
63,"[True, False, True, False, False, True, False, False]",164,0.0019865036010742188,1752094925.7468705
64,"[False, False, True, False, False, True, False, False]",36,0.45034217834472656,1752094926.1972127
65,"[False, False, False, False, False, True, False, False]",4,0.018152236938476562,1752094926.215365
66,"[False, True, False, False, False, True, False, True]",69,5.74824595451355,1752094931.963611
67,"[False, True, True, False, False, True, False, True]",101,0.1947019100189209,1752094932.1583128
68,"[False, True, False, False, False, True, False, True]",69,0.5443775653839111,1752094932.7026904
69,"[False, True, False, True, True, False, False, True]",89,4.939517974853516,1752094937.6422083
70,"[False, False, False, True, True, False, False, True]",25,0.14229035377502441,1752094937.7844987
71,"[True, False, False, True, True, False, True, False]",154,2.9860751628875732,1752094940.7705739
72,"[True, False, False, False, True, False, True, False]",138,0.38252878189086914,1752094941.1531026
73,"[True, False, True, False, True, False, True, False]",170,3.3875162601470947,1752094944.5416198
74,"[True, False, True, False, False, True, False, False]",164,0.0030145645141601562,1752094944.5436335
75,"[False, False, True, False, False, True, False, False]",36,0.45140528678894043,1752094944.9950387
76,"[False, False, False, False, False, True, False, False]",4,0.023633956909179688,1752094945.0186727
77,"[False, True, False, False, False, True, False, True]",69,5.780361890792847,1752094950.7990346
78,"[False, True, True, False, False, True, False, True]",101,0.19587206840515137,1752094950.9949067
79,"[False, True, False, False, False, True, False, True]",69,0.5471706390380859,1752094951.5420773
80,"[False, True, False, True, True, False, False, True]",89,5.000791072845459,1752094956.5428684
81,"[False, False, False, True, True, False, False, True]",25,0.1443922519683838,1752094956.6872606
82,"[True, False, False, True, True, False, True, False]",154,3.0114424228668213,1752094959.6997201
83,"[True, False, False, False, True, False, True, False]",138,0.3846588134765625,1752094960.0833619
84,"[True, False, True, False, True, False, True, False]",170,3.3982603549957275,1752094963.4816222
85,"[True, False, True, False, False, True, False, False]",164,0.001992940902709961,1752094963.4836152
86,"[False, False, True, False, False, True, False, False]",36,0.4563324451446533,1752094963.9399476
87,"[False, False, False, False, False, True, False, False]",4,0.025964021682739258,1752094963.9659116
88,"[False, True, False, False, False, True, False, True]",69,5.808971643447876,1752094969.7748833
89,"[False, True, True, False, False, True, False, True]",101,0.1984233856201172,1752094969.9733067
90,"[False, True, False, False, False, True, False, True]",69,0.5522699356079102,1752094970.5255766
91,"[False, True, False, True, True, False, False, True]",89,5.061997890472412,1752094975.5875745
92,"[False, False, False, True, True, False, False, True]",25,0.14287400245666504,1752094975.7304485
93,"[True, False, False, True, True, False, True, False]",154,3.0296993255615234,1752094978.7601478
94,"[True, False, False, False, True, False, True, False]",138,0.38649630546569824,1752094979.146644
96,"[True, False, True, False, False, True, False, False]",164,0.0019989013671875,1752094982.5654013
95,"[True, False, True, False, True, False, True, False]",170,3.4167582988739014,1752094982.5634024
97,"[False, False, True, False, False, True, False, False]",36,0.45880627632141113,1752094983.0242076
98,"[False, False, False, False, False, True, False, False]",4,0.03589677810668945,1752094983.0601044
99,"[False, True, False, False, False, True, False, True]",69,5.8335535526275635,1752094988.893658
100,"[False, True, True, False, False, True, False, True]",101,0.1993696689605713,1752094989.0930276
101,"[False, True, False, False, False, True, False, True]",69,0.5524368286132812,1752094989.6454644
102,"[False, True, False, True, True, False, False, True]",89,5.116026878356934,1752094994.7614913
103,"[False, False, False, True, True, False, False, True]",25,0.14818549156188965,1752094994.9096768
104,"[True, False, False, True, True, False, True, False]",154,3.0456955432891846,1752094997.9553723
105,"[True, False, False, False, True, False, True, False]",138,0.3924882411956787,1752094998.3478606
106,"[True, False, True, False, True, False, True, False]",170,3.4272475242614746,1752095001.775108
107,"[True, False, True, False, False, True, False, False]",164,0.0019989013671875,1752095001.777107
108,"[False, False, True, False, False, True, False, False]",36,0.4592702388763428,1752095002.2363772
109,"[False, False, False, False, False, True, False, False]",4,0.036550045013427734,1752095002.2729273
110,"[False, True, False, False, False, True, False, True]",69,5.85994815826416,1752095008.1328754
111,"[False, True, True, False, False, True, False, True]",101,0.20520257949829102,1752095008.338078
112,"[False, True, False, False, False, True, False, True]",69,0.5567021369934082,1752095008.8947802
113,"[False, True, False, True, True, False, False, True]",89,5.26774263381958,1752095014.1625228
114,"[False, False, False, True, True, False, False, True]",25,0.14467358589172363,1752095014.3071964
115,"[True, False, False, True, True, False, True, False]",154,3.061793804168701,1752095017.3689902
116,"[True, False, False, False, True, False, True, False]",138,0.39262890815734863,1752095017.761619
117,"[True, False, True, False, True, False, True, False]",170,3.4429502487182617,1752095021.2045693
118,"[True, False, True, False, False, True, False, False]",164,0.001993417739868164,1752095021.2065628
119,"[False, False, True, False, False, True, False, False]",36,0.46192073822021484,1752095021.6684835
120,"[False, False, False, False, False, True, False, False]",4,0.041716814041137695,1752095021.7102003
121,"[False, False, False, False, False, False, False, False]",0,2.095210075378418,1752095023.8054104
122,"[False, True, False, False, False, False, False, False]",64,3.7930924892425537,1752095027.5985029
123,"[False, True, False, False, False, False, False, False]",64,30.000114917755127,1752095057.5986178
