Passo,Step,Valor do Passo,Duracao (s),Timestamp
0,"[True, False, True, False, True, False, True, False]",170,0.45411252975463867,1752097746.1613324
1,"[True, False, True, False, False, True, False, False]",164,0.00299072265625,1752097746.1632671
2,"[False, False, True, False, False, True, False, False]",36,0.10016870498657227,1752097746.2634358
3,"[False, True, True, False, False, True, False, True]",101,0.41175103187561035,1752097746.6751869
4,"[False, True, False, False, False, True, False, True]",69,0.06423497200012207,1752097746.7394218
5,"[False, True, False, True, True, False, False, True]",89,0.2647876739501953,1752097747.0042095
6,"[False, False, False, True, True, False, False, True]",25,0.07676196098327637,1752097747.0809715
7,"[True, False, False, True, True, False, True, False]",154,0.34573936462402344,1752097747.4267108
8,"[True, False, False, False, True, False, True, False]",138,0.1551525592803955,1752097747.5818634
9,"[True, False, True, False, False, False, False, False]",160,0.6447134017944336,1752097748.2265768
10,"[True, False, True, False, False, True, False, False]",164,0.0019910335540771484,1752097748.2285678
11,"[False, False, True, False, False, True, False, False]",36,0.11385345458984375,1752097748.3424213
12,"[False, True, True, False, False, True, False, True]",101,0.3988785743713379,1752097748.7412999
13,"[False, True, False, False, False, True, False, True]",69,0.06248021125793457,1752097748.80378
14,"[False, True, False, True, True, False, False, True]",89,0.26444172859191895,1752097749.0682218
15,"[False, False, False, True, True, False, False, True]",25,0.08649778366088867,1752097749.1547196
16,"[True, False, False, True, True, False, True, False]",154,0.3358321189880371,1752097749.4905517
17,"[True, False, False, False, True, False, True, False]",138,0.15787291526794434,1752097749.6484246
18,"[True, False, True, False, True, False, True, False]",170,0.6439046859741211,1752097750.2923293
19,"[True, False, True, False, False, True, False, False]",164,0.0019927024841308594,1752097750.294322
20,"[False, False, True, False, False, True, False, False]",36,0.10042881965637207,1752097750.3947508
21,"[False, True, True, False, False, True, False, True]",101,0.41167235374450684,1752097750.8064232
22,"[False, True, False, False, False, True, False, True]",69,0.06377792358398438,1752097750.870201
23,"[False, True, False, True, True, False, False, True]",89,0.2642793655395508,1752097751.1344805
24,"[False, False, False, True, True, False, False, True]",25,0.07827210426330566,1752097751.2127526
25,"[True, False, False, True, True, False, True, False]",154,0.34430360794067383,1752097751.5570562
26,"[True, False, False, False, True, False, True, False]",138,0.15411829948425293,1752097751.7111745
27,"[True, False, True, False, False, False, False, False]",160,0.6466448307037354,1752097752.3578193
28,"[True, False, True, False, False, True, False, False]",164,0.004639387130737305,1752097752.3624587
29,"[False, False, True, False, False, True, False, False]",36,0.10066509246826172,1752097752.4631238
30,"[False, True, True, False, False, True, False, True]",101,0.42076802253723145,1752097752.8838918
31,"[False, True, False, False, False, True, False, True]",69,0.05268692970275879,1752097752.9365788
32,"[False, True, False, True, True, False, False, True]",89,0.26394009590148926,1752097753.2005188
33,"[False, False, False, True, True, False, False, True]",25,0.07766461372375488,1752097753.2781835
34,"[True, False, False, True, True, False, True, False]",154,0.34322643280029297,1752097753.62141
35,"[True, False, False, False, True, False, True, False]",138,0.15451717376708984,1752097753.775927
36,"[True, False, True, False, False, False, False, False]",160,0.645989179611206,1752097754.4219162
37,"[True, False, True, False, False, True, False, False]",164,0.0019235610961914062,1752097754.4238398
38,"[False, False, True, False, False, True, False, False]",36,0.10024333000183105,1752097754.5240831
39,"[False, True, True, False, False, True, False, True]",101,0.41483187675476074,1752097754.938915
40,"[False, True, False, False, False, True, False, True]",69,0.06282281875610352,1752097755.0017378
41,"[False, True, False, True, True, False, False, True]",89,0.2618868350982666,1752097755.2636247
42,"[False, False, False, True, True, False, False, True]",25,0.07736086845397949,1752097755.3409855
43,"[True, False, False, True, True, False, True, False]",154,0.3432590961456299,1752097755.6842446
44,"[True, False, False, False, True, False, True, False]",138,0.1531820297241211,1752097755.8374267
45,"[True, False, True, False, False, False, False, False]",160,0.6453099250793457,1752097756.4827366
46,"[True, False, True, False, False, True, False, False]",164,0.0038390159606933594,1752097756.4865756
47,"[False, False, True, False, False, True, False, False]",36,0.09796881675720215,1752097756.5845444
48,"[False, True, True, False, False, True, False, True]",101,0.4127485752105713,1752097756.997293
49,"[False, True, False, False, False, True, False, True]",69,0.06312322616577148,1752097757.0604162
50,"[False, True, False, True, True, False, False, True]",89,0.2639350891113281,1752097757.3243513
51,"[False, False, False, True, True, False, False, True]",25,0.07777857780456543,1752097757.40213
52,"[True, False, False, True, True, False, True, False]",154,0.34064245223999023,1752097757.7427723
53,"[True, False, False, False, True, False, True, False]",138,0.15392470359802246,1752097757.896697
54,"[True, False, True, False, True, False, True, False]",170,0.6562056541442871,1752097758.5529027
55,"[True, False, True, False, False, True, False, False]",164,0.001988649368286133,1752097758.5548913
56,"[False, False, True, False, False, True, False, False]",36,0.08767151832580566,1752097758.6425629
57,"[False, True, True, False, False, True, False, True]",101,0.4122302532196045,1752097759.0547931
58,"[False, True, False, False, False, True, False, True]",69,0.06644296646118164,1752097759.121236
59,"[False, True, False, True, True, False, False, True]",89,0.2601165771484375,1752097759.3813527
60,"[False, False, False, True, True, False, False, True]",25,0.07735109329223633,1752097759.4587038
61,"[True, False, False, True, True, False, True, False]",154,0.3418278694152832,1752097759.8005316
62,"[True, False, False, False, True, False, True, False]",138,0.15660357475280762,1752097759.9571352
63,"[True, False, True, False, True, False, True, False]",170,0.6452350616455078,1752097760.6023703
64,"[True, False, True, False, False, True, False, False]",164,0.002000093460083008,1752097760.6043704
65,"[False, False, True, False, False, True, False, False]",36,0.10136270523071289,1752097760.705733
66,"[False, True, True, False, False, True, False, True]",101,0.40996742248535156,1752097761.1157005
67,"[False, True, False, False, False, True, False, True]",69,0.06323385238647461,1752097761.1789343
68,"[False, True, False, True, True, False, False, True]",89,0.26372504234313965,1752097761.4426594
69,"[False, False, False, True, True, False, False, True]",25,0.08339405059814453,1752097761.5260534
70,"[True, False, False, True, True, False, True, False]",154,0.3463311195373535,1752097761.8723845
71,"[True, False, False, False, True, False, True, False]",138,0.14644837379455566,1752097762.018833
72,"[True, False, True, False, False, False, False, False]",160,0.6457099914550781,1752097762.664543
73,"[True, False, True, False, False, True, False, False]",164,0.0020072460174560547,1752097762.6665502
74,"[False, False, True, False, False, True, False, False]",36,0.09981417655944824,1752097762.7663643
75,"[False, True, True, False, False, True, False, True]",101,0.41106653213500977,1752097763.1774309
76,"[False, True, False, False, False, True, False, True]",69,0.06181931495666504,1752097763.2392502
77,"[False, True, False, True, True, False, False, True]",89,0.2637948989868164,1752097763.503045
78,"[False, False, False, True, True, False, False, True]",25,0.07768845558166504,1752097763.5807335
79,"[True, False, False, True, True, False, True, False]",154,0.3471083641052246,1752097763.927842
80,"[True, False, False, False, True, False, True, False]",138,0.15157127380371094,1752097764.0794132
81,"[True, False, True, False, False, False, False, False]",160,0.6451075077056885,1752097764.7245207
82,"[True, False, True, False, False, True, False, False]",164,0.0019390583038330078,1752097764.7264597
83,"[False, False, True, False, False, True, False, False]",36,0.09923076629638672,1752097764.8256905
84,"[False, True, True, False, False, True, False, True]",101,0.4114217758178711,1752097765.2371123
85,"[False, True, False, False, False, True, False, True]",69,0.06331348419189453,1752097765.3004258
86,"[False, True, False, True, True, False, False, True]",89,0.2615933418273926,1752097765.562019
87,"[False, False, False, True, True, False, False, True]",25,0.07986092567443848,1752097765.64188
88,"[True, False, False, True, True, False, True, False]",154,0.3418307304382324,1752097765.9837108
89,"[True, False, False, False, True, False, True, False]",138,0.15543794631958008,1752097766.1391487
90,"[True, False, True, False, True, False, True, False]",170,0.6423733234405518,1752097766.781522
91,"[True, False, True, False, False, True, False, False]",164,0.0029900074005126953,1752097766.784512
92,"[False, False, True, False, False, True, False, False]",36,0.10467243194580078,1752097766.8891845
93,"[False, True, True, False, False, True, False, True]",101,0.41257190704345703,1752097767.3017564
94,"[False, True, False, False, False, True, False, True]",69,0.05752301216125488,1752097767.3592794
95,"[False, True, False, True, True, False, False, True]",89,0.26142024993896484,1752097767.6206996
96,"[False, False, False, True, True, False, False, True]",25,0.07829451560974121,1752097767.6989942
97,"[True, False, False, True, True, False, True, False]",154,0.3427891731262207,1752097768.0417833
98,"[True, False, False, False, True, False, True, False]",138,0.15436387062072754,1752097768.1961472
99,"[True, False, True, False, False, False, False, False]",160,0.6445472240447998,1752097768.8406944
100,"[True, False, True, False, False, True, False, False]",164,0.0029954910278320312,1752097768.84369
101,"[False, False, True, False, False, True, False, False]",36,0.117767333984375,1752097768.9614573
102,"[False, True, True, False, False, True, False, True]",101,0.39275145530700684,1752097769.3542087
103,"[False, True, False, False, False, True, False, True]",69,0.06334710121154785,1752097769.4175558
104,"[False, True, False, True, True, False, False, True]",89,0.2646005153656006,1752097769.6821563
105,"[False, False, False, True, True, False, False, True]",25,0.07671427726745605,1752097769.7588706
106,"[True, False, False, True, True, False, True, False]",154,0.341533899307251,1752097770.1004045
107,"[True, False, False, False, True, False, True, False]",138,0.15458321571350098,1752097770.2549877
108,"[True, False, True, False, True, False, True, False]",170,0.6445028781890869,1752097770.8994906
109,"[True, False, True, False, False, True, False, False]",164,0.0019931793212890625,1752097770.9014838
110,"[False, False, True, False, False, True, False, False]",36,0.0996389389038086,1752097771.0011227
111,"[False, True, True, False, False, True, False, True]",101,0.4123096466064453,1752097771.4134324
112,"[False, True, False, False, False, True, False, True]",69,0.06183671951293945,1752097771.475269
113,"[False, True, False, True, True, False, False, True]",89,0.26837754249572754,1752097771.7436466
114,"[False, False, False, True, True, False, False, True]",25,0.07631564140319824,1752097771.8199623
115,"[True, False, False, True, True, False, True, False]",154,0.35530614852905273,1752097772.1752684
116,"[True, False, False, False, True, False, True, False]",138,0.13918232917785645,1752097772.3144507
117,"[True, False, True, False, True, False, True, False]",170,0.6427714824676514,1752097772.9572222
118,"[True, False, True, False, False, True, False, False]",164,0.003628969192504883,1752097772.9608512
119,"[False, False, True, False, False, True, False, False]",36,0.10335254669189453,1752097773.0642037
120,"[False, True, True, False, False, True, False, True]",101,0.4070310592651367,1752097773.4712348
121,"[False, True, False, False, False, True, False, True]",69,0.061834096908569336,1752097773.533069
122,"[False, True, False, True, True, False, False, True]",89,0.26318883895874023,1752097773.7962577
123,"[False, False, False, True, True, False, False, True]",25,0.07743310928344727,1752097773.8736908
124,"[True, False, False, True, True, False, True, False]",154,0.3426954746246338,1752097774.2163863
125,"[True, False, False, False, True, False, True, False]",138,0.15297555923461914,1752097774.3693619
126,"[True, False, True, False, False, False, False, False]",160,0.6441993713378906,1752097775.0135612
127,"[True, False, True, False, False, True, False, False]",164,0.00396728515625,1752097775.0175285
128,"[False, False, True, False, False, True, False, False]",36,0.0981149673461914,1752097775.1156435
129,"[False, True, True, False, False, True, False, True]",101,0.4175739288330078,1752097775.5332174
130,"[False, True, False, False, False, True, False, True]",69,0.05567026138305664,1752097775.5888877
131,"[False, True, False, True, True, False, False, True]",89,0.26704883575439453,1752097775.8559365
132,"[False, False, False, True, True, False, False, True]",25,0.07342314720153809,1752097775.9293597
133,"[True, False, False, True, True, False, True, False]",154,0.3547675609588623,1752097776.2841272
134,"[True, False, False, False, True, False, True, False]",138,0.14036107063293457,1752097776.4244883
135,"[True, False, True, False, False, False, False, False]",160,0.6465964317321777,1752097777.0710847
136,"[True, False, True, False, False, True, False, False]",164,0.0019452571868896484,1752097777.07303
137,"[False, False, True, False, False, True, False, False]",36,0.0965723991394043,1752097777.1696024
138,"[False, True, True, False, False, True, False, True]",101,0.4126620292663574,1752097777.5822644
139,"[False, True, False, False, False, True, False, True]",69,0.05949759483337402,1752097777.641762
140,"[False, True, False, True, True, False, False, True]",89,0.26576733589172363,1752097777.9075294
141,"[False, False, False, True, True, False, False, True]",25,0.07579612731933594,1752097777.9833255
142,"[True, False, False, True, True, False, True, False]",154,0.34153270721435547,1752097778.3248582
143,"[True, False, False, False, True, False, True, False]",138,0.1555931568145752,1752097778.4804513
144,"[True, False, True, False, False, False, False, False]",160,0.6428165435791016,1752097779.123268
145,"[True, False, True, False, False, True, False, False]",164,0.0019352436065673828,1752097779.1252031
146,"[False, False, True, False, False, True, False, False]",36,0.09865045547485352,1752097779.2238536
147,"[False, True, True, False, False, True, False, True]",101,0.412142276763916,1752097779.6359959
148,"[False, True, False, False, False, True, False, True]",69,0.061939239501953125,1752097779.697935
149,"[False, True, False, True, True, False, False, True]",89,0.2624969482421875,1752097779.960432
150,"[False, False, False, True, True, False, False, True]",25,0.07763504981994629,1752097780.038067
151,"[True, False, False, True, True, False, True, False]",154,0.34155726432800293,1752097780.3796244
152,"[True, False, False, False, True, False, True, False]",138,0.15443110466003418,1752097780.5340555
153,"[True, False, True, False, True, False, True, False]",170,0.6409111022949219,1752097781.1749666
154,"[True, False, True, False, False, True, False, False]",164,0.001943349838256836,1752097781.17691
155,"[False, False, True, False, False, True, False, False]",36,0.09983944892883301,1752097781.2767494
156,"[False, True, True, False, False, True, False, True]",101,0.41143798828125,1752097781.6881874
157,"[False, True, False, False, False, True, False, True]",69,0.061463117599487305,1752097781.7496505
158,"[False, True, False, True, True, False, False, True]",89,0.26241016387939453,1752097782.0120606
159,"[False, False, False, True, True, False, False, True]",25,0.07719254493713379,1752097782.0892532
160,"[True, False, False, True, True, False, True, False]",154,0.3417551517486572,1752097782.4310083
161,"[True, False, False, False, True, False, True, False]",138,0.15386390686035156,1752097782.5848722
162,"[True, False, True, False, False, False, False, False]",160,0.6433308124542236,1752097783.228203
163,"[True, False, True, False, False, True, False, False]",164,0.001903533935546875,1752097783.2301066
164,"[False, False, True, False, False, True, False, False]",36,0.09933233261108398,1752097783.329439
165,"[False, True, True, False, False, True, False, True]",101,0.4112577438354492,1752097783.7406967
166,"[False, True, False, False, False, True, False, True]",69,0.06290531158447266,1752097783.803602
167,"[False, True, False, True, True, False, False, True]",89,0.2715015411376953,1752097784.0751035
168,"[False, False, False, True, True, False, False, True]",25,0.06722879409790039,1752097784.1423323
169,"[True, False, False, True, True, False, True, False]",154,0.3412196636199951,1752097784.483552
170,"[True, False, False, False, True, False, True, False]",138,0.15808534622192383,1752097784.6416373
171,"[True, False, True, False, False, False, False, False]",160,0.642777681350708,1752097785.284415
172,"[True, False, True, False, False, True, False, False]",164,0.001974821090698242,1752097785.2863898
173,"[False, False, True, False, False, True, False, False]",36,0.09853720664978027,1752097785.384927
174,"[False, True, True, False, False, True, False, True]",101,0.4113445281982422,1752097785.7962716
175,"[False, True, False, False, False, True, False, True]",69,0.06276988983154297,1752097785.8590415
176,"[False, True, False, True, True, False, False, True]",89,0.26204681396484375,1752097786.1210883
177,"[False, False, False, True, True, False, False, True]",25,0.07877302169799805,1752097786.1998613
178,"[True, False, False, True, True, False, True, False]",154,0.35951972007751465,1752097786.559381
179,"[True, False, False, False, True, False, True, False]",138,0.13339757919311523,1752097786.6927786
180,"[True, False, True, False, True, False, True, False]",170,0.6419692039489746,1752097787.3347478
181,"[True, False, True, False, False, True, False, False]",164,0.003095865249633789,1752097787.3378437
182,"[False, False, True, False, False, True, False, False]",36,0.09878158569335938,1752097787.4366252
183,"[False, True, True, False, False, True, False, True]",101,0.40966343879699707,1752097787.8462887
184,"[False, True, False, False, False, True, False, True]",69,0.06129884719848633,1752097787.9075875
185,"[False, True, False, True, True, False, False, True]",89,0.26455259323120117,1752097788.1721401
186,"[False, False, False, True, True, False, False, True]",25,0.07744908332824707,1752097788.2495892
187,"[True, False, False, True, True, False, True, False]",154,0.3403503894805908,1752097788.5899396
188,"[True, False, False, False, True, False, True, False]",138,0.15246248245239258,1752097788.742402
189,"[True, False, True, False, True, False, True, False]",170,0.6405787467956543,1752097789.3829808
190,"[True, False, True, False, False, True, False, False]",164,0.004232645034790039,1752097789.3872135
191,"[False, False, True, False, False, True, False, False]",36,0.09828543663024902,1752097789.485499
192,"[False, True, True, False, False, True, False, True]",101,0.4105091094970703,1752097789.896008
193,"[False, True, False, False, False, True, False, True]",69,0.0621793270111084,1752097789.9581873
194,"[False, True, False, True, True, False, False, True]",89,0.2616903781890869,1752097790.2198777
195,"[False, False, False, True, True, False, False, True]",25,0.07596349716186523,1752097790.2958412
196,"[True, False, False, True, True, False, True, False]",154,0.3427619934082031,1752097790.6386032
197,"[True, False, False, False, True, False, True, False]",138,0.16921758651733398,1752097790.8078208
198,"[True, False, True, False, False, False, False, False]",160,0.6274585723876953,1752097791.4352794
199,"[True, False, True, False, False, True, False, False]",164,0.0020704269409179688,1752097791.4373498
200,"[False, False, True, False, False, True, False, False]",36,0.09997892379760742,1752097791.5373287
201,"[False, True, True, False, False, True, False, True]",101,0.4087510108947754,1752097791.9460797
202,"[False, True, False, False, False, True, False, True]",69,0.06213116645812988,1752097792.008211
203,"[False, True, False, True, True, False, False, True]",89,0.26290369033813477,1752097792.2711146
204,"[False, False, False, True, True, False, False, True]",25,0.07734847068786621,1752097792.348463
205,"[True, False, False, True, True, False, True, False]",154,0.3408010005950928,1752097792.689264
206,"[True, False, False, False, True, False, True, False]",138,0.15511155128479004,1752097792.8443756
207,"[True, False, True, False, True, False, True, False]",170,0.6413536071777344,1752097793.4857292
208,"[True, False, True, False, False, True, False, False]",164,0.0019927024841308594,1752097793.487722
209,"[False, False, True, False, False, True, False, False]",36,0.09977293014526367,1752097793.5874949
210,"[False, True, True, False, False, True, False, True]",101,0.4113497734069824,1752097793.9988446
211,"[False, True, False, False, False, True, False, True]",69,0.062137603759765625,1752097794.0609822
212,"[False, True, False, True, True, False, False, True]",89,0.26120615005493164,1752097794.3221884
213,"[False, False, False, True, True, False, False, True]",25,0.07726263999938965,1752097794.399451
214,"[True, False, False, True, True, False, True, False]",154,0.34094953536987305,1752097794.7404006
215,"[True, False, False, False, True, False, True, False]",138,0.15599966049194336,1752097794.8964002
216,"[True, False, True, False, True, False, True, False]",170,0.6415505409240723,1752097795.5379508
217,"[True, False, True, False, False, True, False, False]",164,0.0019450187683105469,1752097795.5398958
218,"[False, False, True, False, False, True, False, False]",36,0.09950494766235352,1752097795.6394007
219,"[False, True, True, False, False, True, False, True]",101,0.4098055362701416,1752097796.0492063
220,"[False, True, False, False, False, True, False, True]",69,0.06298184394836426,1752097796.112188
221,"[False, True, False, True, True, False, False, True]",89,0.2627718448638916,1752097796.37496
222,"[False, False, False, True, True, False, False, True]",25,0.07782196998596191,1752097796.452782
223,"[True, False, False, True, True, False, True, False]",154,0.3413045406341553,1752097796.7940865
224,"[True, False, False, False, True, False, True, False]",138,0.1551342010498047,1752097796.9492207
226,"[True, False, True, False, False, True, False, False]",164,0.0019352436065673828,1752097797.592622
225,"[True, False, True, False, True, False, True, False]",170,0.6414661407470703,1752097797.5906868
227,"[False, False, True, False, False, True, False, False]",36,0.09870386123657227,1752097797.691326
228,"[False, True, True, False, False, True, False, True]",101,0.41054296493530273,1752097798.1018689
229,"[False, True, False, False, False, True, False, True]",69,0.06328272819519043,1752097798.1651516
230,"[False, True, False, True, True, False, False, True]",89,0.2612879276275635,1752097798.4264395
231,"[False, False, False, True, True, False, False, True]",25,0.0783071517944336,1752097798.5047467
232,"[True, False, False, True, True, False, True, False]",154,0.34059906005859375,1752097798.8453457
233,"[True, False, False, False, True, False, True, False]",138,0.15259933471679688,1752097798.997945
234,"[True, False, True, False, False, False, False, False]",160,0.6432590484619141,1752097799.641204
235,"[True, False, True, False, False, True, False, False]",164,0.001997709274291992,1752097799.6432018
236,"[False, False, True, False, False, True, False, False]",36,0.09874367713928223,1752097799.7419455
237,"[False, True, True, False, False, True, False, True]",101,0.412445068359375,1752097800.1543906
238,"[False, True, False, False, False, True, False, True]",69,0.06111788749694824,1752097800.2155085
239,"[False, True, False, True, True, False, False, True]",89,0.2637171745300293,1752097800.4792256
240,"[False, False, False, True, True, False, False, True]",25,0.0743093490600586,1752097800.553535
241,"[True, False, False, True, True, False, True, False]",154,0.34105515480041504,1752097800.8945901
242,"[True, False, False, False, True, False, True, False]",138,0.1580955982208252,1752097801.0526857
243,"[True, False, True, False, True, False, True, False]",170,0.6387877464294434,1752097801.6914735
244,"[True, False, True, False, False, True, False, False]",164,0.0019462108612060547,1752097801.6934197
245,"[False, False, True, False, False, True, False, False]",36,0.10085248947143555,1752097801.7942722
246,"[False, True, True, False, False, True, False, True]",101,0.4090602397918701,1752097802.2033324
247,"[False, True, False, False, False, True, False, True]",69,0.06264352798461914,1752097802.265976
248,"[False, True, False, True, True, False, False, True]",89,0.26273322105407715,1752097802.5287092
249,"[False, False, False, True, True, False, False, True]",25,0.0763552188873291,1752097802.6050644
250,"[True, False, False, True, True, False, True, False]",154,0.3408980369567871,1752097802.9459624
251,"[True, False, False, False, True, False, True, False]",138,0.15204572677612305,1752097803.0980082
252,"[True, False, True, False, False, False, False, False]",160,0.641664981842041,1752097803.7396731
253,"[True, False, True, False, False, True, False, False]",164,0.0019407272338867188,1752097803.7416139
254,"[False, False, True, False, False, True, False, False]",36,0.10032963752746582,1752097803.8419435
255,"[False, True, True, False, False, True, False, True]",101,0.418992280960083,1752097804.2609358
256,"[False, True, False, False, False, True, False, True]",69,0.055497169494628906,1752097804.316433
257,"[False, True, False, True, True, False, False, True]",89,0.2582376003265381,1752097804.5746706
258,"[False, False, False, True, True, False, False, True]",25,0.07840442657470703,1752097804.653075
259,"[True, False, False, True, True, False, True, False]",154,0.33873939514160156,1752097804.9918144
260,"[True, False, False, False, True, False, True, False]",138,0.15938425064086914,1752097805.1511986
261,"[True, False, True, False, True, False, True, False]",170,0.6365337371826172,1752097805.7877324
262,"[True, False, True, False, False, True, False, False]",164,0.003986835479736328,1752097805.7917192
263,"[False, False, True, False, False, True, False, False]",36,0.09672045707702637,1752097805.8884397
264,"[False, True, True, False, False, True, False, True]",101,0.40811944007873535,1752097806.296559
265,"[False, True, False, False, False, True, False, True]",69,0.06356430053710938,1752097806.3601234
266,"[False, True, False, True, True, False, False, True]",89,0.26583313941955566,1752097806.6259565
267,"[False, False, False, True, True, False, False, True]",25,0.07398104667663574,1752097806.6999376
268,"[True, False, False, True, True, False, True, False]",154,0.3395717144012451,1752097807.0395093
269,"[True, False, False, False, True, False, True, False]",138,0.15384984016418457,1752097807.1933591
271,"[True, False, True, False, False, True, False, False]",164,0.0020008087158203125,1752097807.8381903
272,"[False, False, True, False, False, True, False, False]",36,0.09722208976745605,1752097807.9354124
273,"[False, True, True, False, False, True, False, True]",101,0.40892505645751953,1752097808.3443375
274,"[False, True, False, False, False, True, False, True]",69,0.06415033340454102,1752097808.4084878
275,"[False, True, False, True, True, False, False, True]",89,0.2613406181335449,1752097808.6698284
276,"[False, False, False, True, True, False, False, True]",25,0.07689142227172852,1752097808.7467198
277,"[True, False, False, True, True, False, True, False]",154,0.3402519226074219,1752097809.0869718
278,"[True, False, False, False, True, False, True, False]",138,0.15304040908813477,1752097809.2400122
279,"[True, False, True, False, True, False, True, False]",170,0.6403789520263672,1752097809.8803911
280,"[True, False, True, False, False, True, False, False]",164,0.0019905567169189453,1752097809.8823817
281,"[False, False, True, False, False, True, False, False]",36,0.10087895393371582,1752097809.9832606
282,"[False, True, True, False, False, True, False, True]",101,0.40929079055786133,1752097810.3925514
283,"[False, True, False, False, False, True, False, True]",69,0.0630958080291748,1752097810.4556472
284,"[False, True, False, True, True, False, False, True]",89,0.2606675624847412,1752097810.7163148
285,"[False, False, False, True, True, False, False, True]",25,0.07774901390075684,1752097810.7940638
286,"[True, False, False, True, True, False, True, False]",154,0.3387928009033203,1752097811.1328566
287,"[True, False, False, False, True, False, True, False]",138,0.15240240097045898,1752097811.285259
289,"[True, False, True, False, False, True, False, False]",164,0.0020008087158203125,1752097811.9288597
288,"[True, False, True, False, False, False, False, False]",160,0.6415998935699463,1752097811.926859
290,"[False, False, True, False, False, True, False, False]",36,0.10976576805114746,1752097812.0386255
291,"[False, True, True, False, False, True, False, True]",101,0.3977234363555908,1752097812.436349
292,"[False, True, False, False, False, True, False, True]",69,0.06400156021118164,1752097812.5003505
293,"[False, True, False, True, True, False, False, True]",89,0.2599797248840332,1752097812.7603302
294,"[False, False, False, True, True, False, False, True]",25,0.07874751091003418,1752097812.8390777
295,"[True, False, False, True, True, False, True, False]",154,0.33953118324279785,1752097813.178609
296,"[True, False, False, False, True, False, True, False]",138,0.15385770797729492,1752097813.3324666
297,"[True, False, True, False, False, False, False, False]",160,0.6407644748687744,1752097813.973231
298,"[True, False, True, False, False, True, False, False]",164,0.0019428730010986328,1752097813.975174
299,"[False, False, True, False, False, True, False, False]",36,0.10567760467529297,1752097814.0808516
300,"[False, True, True, False, False, True, False, True]",101,0.4032754898071289,1752097814.484127
301,"[False, True, False, False, False, True, False, True]",69,0.06377339363098145,1752097814.5479004
302,"[False, True, False, True, True, False, False, True]",89,0.26012706756591797,1752097814.8080275
303,"[False, False, False, True, True, False, False, True]",25,0.07831573486328125,1752097814.8863432
304,"[True, False, False, True, True, False, True, False]",154,0.34201931953430176,1752097815.2283626
305,"[True, False, False, False, True, False, True, False]",138,0.1524035930633545,1752097815.3807662
306,"[True, False, True, False, True, False, True, False]",170,0.6406264305114746,1752097816.0213926
307,"[True, False, True, False, False, True, False, False]",164,0.0019388198852539062,1752097816.0233314
308,"[False, False, True, False, False, True, False, False]",36,0.10046911239624023,1752097816.1238005
309,"[False, True, True, False, False, True, False, True]",101,0.40937376022338867,1752097816.5331743
310,"[False, True, False, False, False, True, False, True]",69,0.0620875358581543,1752097816.5952618
311,"[False, True, False, True, True, False, False, True]",89,0.2614471912384033,1752097816.856709
312,"[False, False, False, True, True, False, False, True]",25,0.07597970962524414,1752097816.9326887
313,"[True, False, False, True, True, False, True, False]",154,0.35534095764160156,1752097817.2880297
314,"[True, False, False, False, True, False, True, False]",138,0.14350676536560059,1752097817.4315364
315,"[True, False, True, False, False, False, False, False]",160,0.6362829208374023,1752097818.0678194
316,"[True, False, True, False, False, True, False, False]",164,0.0019936561584472656,1752097818.069813
317,"[False, False, True, False, False, True, False, False]",36,0.09901213645935059,1752097818.1688251
318,"[False, True, True, False, False, True, False, True]",101,0.4085407257080078,1752097818.5773659
319,"[False, True, False, False, False, True, False, True]",69,0.06216931343078613,1752097818.6395352
320,"[False, True, False, True, True, False, False, True]",89,0.2632732391357422,1752097818.9028084
321,"[False, False, False, True, True, False, False, True]",25,0.0757749080657959,1752097818.9785833
322,"[True, False, False, True, True, False, True, False]",154,0.3406989574432373,1752097819.3192823
323,"[True, False, False, False, True, False, True, False]",138,0.15248847007751465,1752097819.4717708
324,"[True, False, True, False, True, False, True, False]",170,0.639927864074707,1752097820.1116986
325,"[True, False, True, False, False, True, False, False]",164,0.001988649368286133,1752097820.1136873
326,"[False, False, True, False, False, True, False, False]",36,0.1002359390258789,1752097820.2139232
327,"[False, True, True, False, False, True, False, True]",101,0.40994787216186523,1752097820.623871
328,"[False, True, False, False, False, True, False, True]",69,0.06388425827026367,1752097820.6877553
329,"[False, True, False, True, True, False, False, True]",89,0.25904154777526855,1752097820.946797
330,"[False, False, False, True, True, False, False, True]",25,0.07729387283325195,1752097821.0240908
331,"[True, False, False, True, True, False, True, False]",154,0.35088419914245605,1752097821.374975
332,"[True, False, False, False, True, False, True, False]",138,0.14226722717285156,1752097821.5172422
333,"[True, False, True, False, True, False, True, False]",170,0.6385667324066162,1752097822.155809
334,"[True, False, True, False, False, True, False, False]",164,0.0019936561584472656,1752097822.158304
335,"[False, False, True, False, False, True, False, False]",36,0.10015344619750977,1752097822.257956
336,"[False, True, True, False, False, True, False, True]",101,0.4090392589569092,1752097822.6669953
337,"[False, True, False, False, False, True, False, True]",69,0.06355595588684082,1752097822.7305512
338,"[False, True, False, True, True, False, False, True]",89,0.26485252380371094,1752097822.9954038
339,"[False, False, False, True, True, False, False, True]",25,0.07430791854858398,1752097823.0697117
340,"[True, False, False, True, True, False, True, False]",154,0.34058356285095215,1752097823.4102952
341,"[True, False, False, False, True, False, True, False]",138,0.15216898918151855,1752097823.5624642
343,"[True, False, True, False, False, True, False, False]",164,0.003934383392333984,1752097824.2043393
342,"[True, False, True, False, False, False, False, False]",160,0.6379406452178955,1752097824.200405
344,"[False, False, True, False, False, True, False, False]",36,0.09740233421325684,1752097824.3017416
345,"[False, True, True, False, False, True, False, True]",101,0.40851402282714844,1752097824.7102556
346,"[False, True, False, False, False, True, False, True]",69,0.06353759765625,1752097824.7737932
347,"[False, True, False, True, True, False, False, True]",89,0.2612650394439697,1752097825.0350583
348,"[False, False, False, True, True, False, False, True]",25,0.07723665237426758,1752097825.112295
349,"[True, False, False, True, True, False, True, False]",154,0.33846354484558105,1752097825.4507585
350,"[True, False, False, False, True, False, True, False]",138,0.15410637855529785,1752097825.6048648
351,"[True, False, True, False, True, False, True, False]",170,0.6368803977966309,1752097826.2417452
352,"[True, False, True, False, False, True, False, False]",164,0.0019338130950927734,1752097826.243679
353,"[False, False, True, False, False, True, False, False]",36,0.1005697250366211,1752097826.3442488
354,"[False, True, True, False, False, True, False, True]",101,0.40891504287719727,1752097826.7531638
355,"[False, True, False, False, False, True, False, True]",69,0.06282186508178711,1752097826.8159857
356,"[False, True, False, True, True, False, False, True]",89,0.26244306564331055,1752097827.0784287
357,"[False, False, False, True, True, False, False, True]",25,0.07592892646789551,1752097827.1543577
358,"[True, False, False, True, True, False, True, False]",154,0.33997511863708496,1752097827.4943328
359,"[True, False, False, False, True, False, True, False]",138,0.1539595127105713,1752097827.6482923
360,"[True, False, True, False, False, False, False, False]",160,0.64156174659729,1752097828.289854
361,"[True, False, True, False, False, True, False, False]",164,0.001993417739868164,1752097828.2918475
362,"[False, False, True, False, False, True, False, False]",36,0.09853458404541016,1752097828.390382
363,"[False, True, True, False, False, True, False, True]",101,0.41204118728637695,1752097828.8024232
364,"[False, True, False, False, False, True, False, True]",69,0.05929303169250488,1752097828.8617163
365,"[False, True, False, True, True, False, False, True]",89,0.2618134021759033,1752097829.1235297
366,"[False, False, False, True, True, False, False, True]",25,0.07652544975280762,1752097829.2000551
367,"[True, False, False, True, True, False, True, False]",154,0.3574090003967285,1752097829.5574641
368,"[True, False, False, False, True, False, True, False]",138,0.1376361846923828,1752097829.6951003
370,"[True, False, True, False, False, True, False, False]",164,0.0034911632537841797,1752097830.3366442
369,"[True, False, True, False, False, False, False, False]",160,0.6380527019500732,1752097830.333153
371,"[False, False, True, False, False, True, False, False]",36,0.09675335884094238,1752097830.4333975
372,"[False, True, True, False, False, True, False, True]",101,0.40975236892700195,1752097830.84315
373,"[False, True, False, False, False, True, False, True]",69,0.06432986259460449,1752097830.9074798
374,"[False, True, False, True, True, False, False, True]",89,0.25929784774780273,1752097831.1667776
375,"[False, False, False, True, True, False, False, True]",25,0.0759882926940918,1752097831.2437587
376,"[True, False, False, True, True, False, True, False]",154,0.34108948707580566,1752097831.5838554
377,"[True, False, False, False, True, False, True, False]",138,0.15441656112670898,1752097831.738272
378,"[True, False, True, False, True, False, True, False]",170,0.6384186744689941,1752097832.3766906
379,"[True, False, True, False, False, True, False, False]",164,0.001993417739868164,1752097832.378684
380,"[False, False, True, False, False, True, False, False]",36,0.09952163696289062,1752097832.4782057
381,"[False, True, True, False, False, True, False, True]",101,0.40952467918395996,1752097832.8877304
382,"[False, True, False, False, False, True, False, True]",69,0.062132835388183594,1752097832.9498632
383,"[False, True, False, True, True, False, False, True]",89,0.26134443283081055,1752097833.2112076
384,"[False, False, False, True, True, False, False, True]",25,0.07719850540161133,1752097833.2884061
385,"[True, False, False, True, True, False, True, False]",154,0.3398923873901367,1752097833.6282985
386,"[True, False, False, False, True, False, True, False]",138,0.15432000160217285,1752097833.7826185
387,"[True, False, True, False, True, False, True, False]",170,0.6389858722686768,1752097834.4216044
388,"[True, False, True, False, False, True, False, False]",164,0.0019683837890625,1752097834.4235728
389,"[False, False, True, False, False, True, False, False]",36,0.0992887020111084,1752097834.5228615
390,"[False, True, True, False, False, True, False, True]",101,0.4102628231048584,1752097834.9331243
391,"[False, True, False, False, False, True, False, True]",69,0.061113595962524414,1752097834.994238
392,"[False, True, False, True, True, False, False, True]",89,0.2606923580169678,1752097835.2549303
393,"[False, False, False, True, True, False, False, True]",25,0.07898974418640137,1752097835.33392
394,"[True, False, False, True, True, False, True, False]",154,0.33913397789001465,1752097835.673054
395,"[True, False, False, False, True, False, True, False]",138,0.16730046272277832,1752097835.8403544
397,"[True, False, True, False, False, True, False, False]",164,0.0019431114196777344,1752097836.4689226
396,"[True, False, True, False, True, False, True, False]",170,0.6266250610351562,1752097836.4669795
398,"[False, False, True, False, False, True, False, False]",36,0.10025835037231445,1752097836.569181
399,"[False, True, True, False, False, True, False, True]",101,0.4081127643585205,1752097836.9772937
400,"[False, True, False, False, False, True, False, True]",69,0.06187176704406738,1752097837.0391655
401,"[False, True, False, True, True, False, False, True]",89,0.26093387603759766,1752097837.3000994
402,"[False, False, False, True, True, False, False, True]",25,0.07780003547668457,1752097837.3778994
403,"[True, False, False, True, True, False, True, False]",154,0.3379049301147461,1752097837.7158043
404,"[True, False, False, False, True, False, True, False]",138,0.15233755111694336,1752097837.868142
406,"[True, False, True, False, False, True, False, False]",164,0.00201416015625,1752097838.5089138
405,"[True, False, True, False, True, False, True, False]",170,0.6387577056884766,1752097838.5068996
407,"[False, False, True, False, False, True, False, False]",36,0.0981912612915039,1752097838.607105
408,"[False, True, True, False, False, True, False, True]",101,0.40960097312927246,1752097839.016706
409,"[False, True, False, False, False, True, False, True]",69,0.06505632400512695,1752097839.0817623
410,"[False, True, False, True, True, False, False, True]",89,0.2585718631744385,1752097839.3403342
411,"[False, False, False, True, True, False, False, True]",25,0.07804155349731445,1752097839.4183757
412,"[True, False, False, True, True, False, True, False]",154,0.33990955352783203,1752097839.7582853
413,"[True, False, False, False, True, False, True, False]",138,0.15611028671264648,1752097839.9143956
414,"[True, False, True, False, False, False, False, False]",160,0.6350698471069336,1752097840.5494654
415,"[True, False, True, False, False, True, False, False]",164,0.001999378204345703,1752097840.5514648
416,"[False, False, True, False, False, True, False, False]",36,0.09818124771118164,1752097840.649646
417,"[False, True, True, False, False, True, False, True]",101,0.4084737300872803,1752097841.0581198
418,"[False, True, False, False, False, True, False, True]",69,0.06413650512695312,1752097841.1222563
419,"[False, True, False, True, True, False, False, True]",89,0.2598414421081543,1752097841.3820977
420,"[False, False, False, True, True, False, False, True]",25,0.08083581924438477,1752097841.4629335
421,"[True, False, False, True, True, False, True, False]",154,0.34211063385009766,1752097841.8050442
422,"[True, False, False, False, True, False, True, False]",138,0.1493997573852539,1752097841.954444
423,"[True, False, True, False, False, False, False, False]",160,0.634035587310791,1752097842.5884795
424,"[True, False, True, False, False, True, False, False]",164,0.0019941329956054688,1752097842.5904737
425,"[False, False, True, False, False, True, False, False]",36,0.0993499755859375,1752097842.6898236
426,"[False, True, True, False, False, True, False, True]",101,0.40914368629455566,1752097843.0989673
427,"[False, True, False, False, False, True, False, True]",69,0.06209135055541992,1752097843.1610587
428,"[False, True, False, True, True, False, False, True]",89,0.26390814781188965,1752097843.4249668
429,"[False, False, False, True, True, False, False, True]",25,0.0743415355682373,1752097843.4993083
430,"[True, False, False, True, True, False, True, False]",154,0.33945441246032715,1752097843.8387628
431,"[True, False, False, False, True, False, True, False]",138,0.15175151824951172,1752097843.9905143
432,"[True, False, True, False, True, False, True, False]",170,0.6370742321014404,1752097844.6275885
433,"[True, False, True, False, False, True, False, False]",164,0.0019893646240234375,1752097844.6295779
434,"[False, False, True, False, False, True, False, False]",36,0.09885096549987793,1752097844.7284288
435,"[False, True, True, False, False, True, False, True]",101,0.4106099605560303,1752097845.1390388
436,"[False, True, False, False, False, True, False, True]",69,0.062052249908447266,1752097845.201091
437,"[False, True, False, True, True, False, False, True]",89,0.2600853443145752,1752097845.4611764
438,"[False, False, False, True, True, False, False, True]",25,0.07636475563049316,1752097845.5375412
439,"[True, False, False, True, True, False, True, False]",154,0.3419959545135498,1752097845.879537
440,"[True, False, False, False, True, False, True, False]",138,0.15390419960021973,1752097846.0334413
441,"[True, False, True, False, True, False, True, False]",170,0.6375036239624023,1752097846.670945
442,"[True, False, True, False, False, True, False, False]",164,0.0019299983978271484,1752097846.672875
443,"[False, False, True, False, False, True, False, False]",36,0.09934592247009277,1752097846.7722208
444,"[False, True, True, False, False, True, False, True]",101,0.40972137451171875,1752097847.1819422
445,"[False, True, False, False, False, True, False, True]",69,0.060918569564819336,1752097847.2428608
446,"[False, True, False, True, True, False, False, True]",89,0.26074838638305664,1752097847.5036092
447,"[False, False, False, True, True, False, False, True]",25,0.08327269554138184,1752097847.5868819
448,"[True, False, False, True, True, False, True, False]",154,0.3342134952545166,1752097847.9210954
449,"[True, False, False, False, True, False, True, False]",138,0.15486502647399902,1752097848.0759604
450,"[True, False, True, False, False, False, False, False]",160,0.6369585990905762,1752097848.712919
451,"[True, False, True, False, False, True, False, False]",164,0.002941131591796875,1752097848.7169294
452,"[False, False, True, False, False, True, False, False]",36,0.09686112403869629,1752097848.8127213
453,"[False, True, True, False, False, True, False, True]",101,0.4108710289001465,1752097849.2235923
454,"[False, True, False, False, False, True, False, True]",69,0.06325793266296387,1752097849.2868502
455,"[False, True, False, True, True, False, False, True]",89,0.258495569229126,1752097849.5453458
456,"[False, False, False, True, True, False, False, True]",25,0.07776355743408203,1752097849.6231093
457,"[True, False, False, True, True, False, True, False]",154,0.3398098945617676,1752097849.9629192
458,"[True, False, False, False, True, False, True, False]",138,0.1538829803466797,1752097850.1168022
460,"[True, False, True, False, False, True, False, False]",164,0.0019435882568359375,1752097850.7558448
459,"[True, False, True, False, False, False, False, False]",160,0.637099027633667,1752097850.7539012
461,"[False, False, True, False, False, True, False, False]",36,0.09886550903320312,1752097850.8547103
462,"[False, True, True, False, False, True, False, True]",101,0.40901947021484375,1752097851.2637298
463,"[False, True, False, False, False, True, False, True]",69,0.06307649612426758,1752097851.3268063
464,"[False, True, False, True, True, False, False, True]",89,0.26177287101745605,1752097851.5885792
465,"[False, False, False, True, True, False, False, True]",25,0.07584500312805176,1752097851.6644242
466,"[True, False, False, True, True, False, True, False]",154,0.33886265754699707,1752097852.0032868
467,"[True, False, False, False, True, False, True, False]",138,0.15476703643798828,1752097852.1580539
468,"[True, False, True, False, True, False, True, False]",170,0.6376690864562988,1752097852.795723
469,"[True, False, True, False, False, True, False, False]",164,0.004148006439208984,1752097852.799871
470,"[False, False, True, False, False, True, False, False]",36,0.0989234447479248,1752097852.8992972
471,"[False, True, True, False, False, True, False, True]",101,0.4075632095336914,1752097853.3063576
472,"[False, True, False, False, False, True, False, True]",69,0.06248950958251953,1752097853.3688471
473,"[False, True, False, True, True, False, False, True]",89,0.25923895835876465,1752097853.628086
474,"[False, False, False, True, True, False, False, True]",25,0.08539509773254395,1752097853.7134812
475,"[True, False, False, True, True, False, True, False]",154,0.33109498023986816,1752097854.0445762
476,"[True, False, False, False, True, False, True, False]",138,0.1535811424255371,1752097854.1981573
478,"[True, False, True, False, False, True, False, False]",164,0.002002239227294922,1752097854.8359601
477,"[True, False, True, False, True, False, True, False]",170,0.6358006000518799,1752097854.833958
479,"[False, False, True, False, False, True, False, False]",36,0.09833812713623047,1752097854.9342983
480,"[False, True, True, False, False, True, False, True]",101,0.4086124897003174,1752097855.3429108
481,"[False, True, False, False, False, True, False, True]",69,0.06353402137756348,1752097855.4064448
482,"[False, True, False, True, True, False, False, True]",89,0.2599453926086426,1752097855.6663902
483,"[False, False, False, True, True, False, False, True]",25,0.07752847671508789,1752097855.7439187
484,"[True, False, False, True, True, False, True, False]",154,0.33778953552246094,1752097856.0817082
485,"[True, False, False, False, True, False, True, False]",138,0.15292954444885254,1752097856.2346377
486,"[True, False, True, False, False, False, False, False]",160,0.6356186866760254,1752097856.8702564
487,"[True, False, True, False, False, True, False, False]",164,0.002000093460083008,1752097856.8722565
488,"[False, False, True, False, False, True, False, False]",36,0.0996246337890625,1752097856.9718812
489,"[False, True, True, False, False, True, False, True]",101,0.40766191482543945,1752097857.379543
490,"[False, True, False, False, False, True, False, True]",69,0.06203651428222656,1752097857.4415796
491,"[False, True, False, True, True, False, False, True]",89,0.2608344554901123,1752097857.702414
492,"[False, False, False, True, True, False, False, True]",25,0.0762324333190918,1752097857.7786465
493,"[True, False, False, True, True, False, True, False]",154,0.33914875984191895,1752097858.1177952
494,"[True, False, False, False, True, False, True, False]",138,0.15213418006896973,1752097858.2699294
495,"[True, False, True, False, True, False, True, False]",170,0.6352267265319824,1752097858.9051561
496,"[True, False, True, False, False, True, False, False]",164,0.0034949779510498047,1752097858.909649
497,"[False, False, True, False, False, True, False, False]",36,0.09880805015563965,1752097859.0074592
498,"[False, True, True, False, False, True, False, True]",101,0.4069690704345703,1752097859.4144282
499,"[False, True, False, False, False, True, False, True]",69,0.0637364387512207,1752097859.4781647
500,"[False, True, False, True, True, False, False, True]",89,0.25913166999816895,1752097859.7372963
501,"[False, False, False, True, True, False, False, True]",25,0.0773005485534668,1752097859.814597
502,"[True, False, False, True, True, False, True, False]",154,0.34082818031311035,1752097860.155425
503,"[True, False, False, False, True, False, True, False]",138,0.1514132022857666,1752097860.3068383
504,"[True, False, True, False, True, False, True, False]",170,0.6351668834686279,1752097860.9420052
505,"[True, False, True, False, False, True, False, False]",164,0.0019919872283935547,1752097860.9439971
506,"[False, False, True, False, False, True, False, False]",36,0.09880995750427246,1752097861.042807
507,"[False, True, True, False, False, True, False, True]",101,0.4085819721221924,1752097861.451389
508,"[False, True, False, False, False, True, False, True]",69,0.0618133544921875,1752097861.5132024
509,"[False, True, False, True, True, False, False, True]",89,0.26044535636901855,1752097861.7736478
510,"[False, False, False, True, True, False, False, True]",25,0.07750248908996582,1752097861.8511503
511,"[True, False, False, True, True, False, True, False]",154,0.33991217613220215,1752097862.1910625
512,"[True, False, False, False, True, False, True, False]",138,0.15428543090820312,1752097862.345348
513,"[True, False, True, False, True, False, True, False]",170,0.6349430084228516,1752097862.980291
514,"[True, False, True, False, False, True, False, False]",164,0.003986835479736328,1752097862.9842777
515,"[False, False, True, False, False, True, False, False]",36,0.09765768051147461,1752097863.0819354
516,"[False, True, True, False, False, True, False, True]",101,0.4074885845184326,1752097863.489424
517,"[False, True, False, False, False, True, False, True]",69,0.06043386459350586,1752097863.5498579
518,"[False, True, False, True, True, False, False, True]",89,0.2619619369506836,1752097863.8118198
519,"[False, False, False, True, True, False, False, True]",25,0.07758355140686035,1752097863.8894033
520,"[True, False, False, True, True, False, True, False]",154,0.33974575996398926,1752097864.229149
521,"[True, False, False, False, True, False, True, False]",138,0.15092086791992188,1752097864.38007
522,"[True, False, True, False, False, False, False, False]",160,0.635650634765625,1752097865.0157206
523,"[True, False, True, False, False, True, False, False]",164,0.0020513534545898438,1752097865.017772
524,"[False, False, True, False, False, True, False, False]",36,0.09857177734375,1752097865.1163437
525,"[False, True, True, False, False, True, False, True]",101,0.40814685821533203,1752097865.5244906
526,"[False, True, False, False, False, True, False, True]",69,0.0630655288696289,1752097865.5875561
527,"[False, True, False, True, True, False, False, True]",89,0.26648759841918945,1752097865.8540437
528,"[False, False, False, True, True, False, False, True]",25,0.06934452056884766,1752097865.9233882
529,"[True, False, False, True, True, False, True, False]",154,0.35315680503845215,1752097866.276545
530,"[True, False, False, False, True, False, True, False]",138,0.14086031913757324,1752097866.4174054
532,"[True, False, True, False, False, True, False, False]",164,0.001993417739868164,1752097867.0551932
531,"[True, False, True, False, False, False, False, False]",160,0.6357944011688232,1752097867.0531998
533,"[False, False, True, False, False, True, False, False]",36,0.09901714324951172,1752097867.1542103
534,"[False, True, True, False, False, True, False, True]",101,0.40728092193603516,1752097867.5614913
535,"[False, True, False, False, False, True, False, True]",69,0.062076568603515625,1752097867.6235678
536,"[False, True, False, True, True, False, False, True]",89,0.26122045516967773,1752097867.8847883
537,"[False, False, False, True, True, False, False, True]",25,0.07638311386108398,1752097867.9611714
538,"[True, False, False, True, True, False, True, False]",154,0.3394284248352051,1752097868.3005998
539,"[True, False, False, False, True, False, True, False]",138,0.15468096733093262,1752097868.4552808
540,"[True, False, True, False, True, False, True, False]",170,0.6346337795257568,1752097869.0899146
541,"[True, False, True, False, False, True, False, False]",164,0.0023703575134277344,1752097869.0932837
542,"[False, False, True, False, False, True, False, False]",36,0.09823989868164062,1752097869.1905248
543,"[False, True, True, False, False, True, False, True]",101,0.4086883068084717,1752097869.5992131
544,"[False, True, False, False, False, True, False, True]",69,0.061667680740356445,1752097869.6608808
545,"[False, True, False, True, True, False, False, True]",89,0.2602570056915283,1752097869.9211378
546,"[False, False, False, True, True, False, False, True]",25,0.07828521728515625,1752097869.999423
547,"[True, False, False, True, True, False, True, False]",154,0.34046411514282227,1752097870.3398871
548,"[True, False, False, False, True, False, True, False]",138,0.15278100967407227,1752097870.4926682
550,"[True, False, True, False, False, True, False, False]",164,0.001993894577026367,1752097871.1301384
549,"[True, False, True, False, False, False, False, False]",160,0.6354763507843018,1752097871.1281445
551,"[False, False, True, False, False, True, False, False]",36,0.09803175926208496,1752097871.2281702
552,"[False, True, True, False, False, True, False, True]",101,0.4106137752532959,1752097871.638784
553,"[False, True, False, False, False, True, False, True]",69,0.062233686447143555,1752097871.7010176
554,"[False, True, False, True, True, False, False, True]",89,0.25920820236206055,1752097871.9602258
555,"[False, False, False, True, True, False, False, True]",25,0.07661247253417969,1752097872.0368383
556,"[True, False, False, True, True, False, True, False]",154,0.33957791328430176,1752097872.3764162
557,"[True, False, False, False, True, False, True, False]",138,0.15690326690673828,1752097872.5333195
559,"[True, False, True, False, False, True, False, False]",164,0.0029397010803222656,1752097873.1696699
558,"[True, False, True, False, False, False, False, False]",160,0.6334106922149658,1752097873.1667302
560,"[False, False, True, False, False, True, False, False]",36,0.09619903564453125,1752097873.265869
561,"[False, True, True, False, False, True, False, True]",101,0.4117701053619385,1752097873.677639
562,"[False, True, False, False, False, True, False, True]",69,0.05859541893005371,1752097873.7362344
563,"[False, True, False, True, True, False, False, True]",89,0.25989389419555664,1752097873.9961283
564,"[False, False, False, True, True, False, False, True]",25,0.07805991172790527,1752097874.0741882
565,"[True, False, False, True, True, False, True, False]",154,0.33834409713745117,1752097874.4125323
566,"[True, False, False, False, True, False, True, False]",138,0.15332937240600586,1752097874.5658617
567,"[True, False, True, False, False, False, False, False]",160,0.6360931396484375,1752097875.2019548
568,"[True, False, True, False, False, True, False, False]",164,0.0029878616333007812,1752097875.2049427
569,"[False, False, True, False, False, True, False, False]",36,0.09779000282287598,1752097875.3027327
570,"[False, True, True, False, False, True, False, True]",101,0.4070930480957031,1752097875.7098258
571,"[False, True, False, False, False, True, False, True]",69,0.06838607788085938,1752097875.7782118
572,"[False, True, False, True, True, False, False, True]",89,0.25430846214294434,1752097876.0325203
573,"[False, False, False, True, True, False, False, True]",25,0.07653355598449707,1752097876.1090539
574,"[True, False, False, True, True, False, True, False]",154,0.3396494388580322,1752097876.4487033
575,"[True, False, False, False, True, False, True, False]",138,0.15533971786499023,1752097876.604043
576,"[True, False, True, False, True, False, True, False]",170,0.6316585540771484,1752097877.2357016
577,"[True, False, True, False, False, True, False, False]",164,0.0020525455474853516,1752097877.237754
578,"[False, False, True, False, False, True, False, False]",36,0.10201692581176758,1752097877.339771
579,"[False, True, True, False, False, True, False, True]",101,0.4041414260864258,1752097877.7439125
580,"[False, True, False, False, False, True, False, True]",69,0.06398534774780273,1752097877.8078978
581,"[False, True, False, True, True, False, False, True]",89,0.26714396476745605,1752097878.0750418
582,"[False, False, False, True, True, False, False, True]",25,0.07101845741271973,1752097878.1460602
583,"[True, False, False, True, True, False, True, False]",154,0.33707165718078613,1752097878.483132
584,"[True, False, False, False, True, False, True, False]",138,0.15935754776000977,1752097878.6424894
585,"[True, False, True, False, False, False, False, False]",160,0.6307418346405029,1752097879.2732313
586,"[True, False, True, False, False, True, False, False]",164,0.001939535140991211,1752097879.2751708
587,"[False, False, True, False, False, True, False, False]",36,0.0992894172668457,1752097879.3744602
588,"[False, True, True, False, False, True, False, True]",101,0.40789794921875,1752097879.7823582
589,"[False, True, False, False, False, True, False, True]",69,0.06264090538024902,1752097879.844999
590,"[False, True, False, True, True, False, False, True]",89,0.25835108757019043,1752097880.1033502
591,"[False, False, False, True, True, False, False, True]",25,0.07727169990539551,1752097880.1806219
592,"[True, False, False, True, True, False, True, False]",154,0.34053850173950195,1752097880.5211604
593,"[True, False, False, False, True, False, True, False]",138,0.15482354164123535,1752097880.675984
594,"[True, False, True, False, True, False, True, False]",170,0.6337635517120361,1752097881.3097475
595,"[True, False, True, False, False, True, False, False]",164,0.003935337066650391,1752097881.3136828
596,"[False, False, True, False, False, True, False, False]",36,0.09743714332580566,1752097881.41112
597,"[False, True, True, False, False, True, False, True]",101,0.40735411643981934,1752097881.818474
598,"[False, True, False, False, False, True, False, True]",69,0.061432838439941406,1752097881.879907
599,"[False, True, False, True, True, False, False, True]",89,0.26152896881103516,1752097882.1414359
600,"[False, False, False, True, True, False, False, True]",25,0.078521728515625,1752097882.2199576
601,"[True, False, False, True, True, False, True, False]",154,0.3376164436340332,1752097882.557574
602,"[True, False, False, False, True, False, True, False]",138,0.15456366539001465,1752097882.7121377
603,"[True, False, True, False, False, False, False, False]",160,0.6330587863922119,1752097883.3451965
604,"[True, False, True, False, False, True, False, False]",164,0.001993417739868164,1752097883.34719
605,"[False, False, True, False, False, True, False, False]",36,0.10003447532653809,1752097883.4472244
606,"[False, True, True, False, False, True, False, True]",101,0.40671777725219727,1752097883.8539422
607,"[False, True, False, False, False, True, False, True]",69,0.06183767318725586,1752097883.9157798
608,"[False, True, False, True, True, False, False, True]",89,0.25887370109558105,1752097884.1746535
609,"[False, False, False, True, True, False, False, True]",25,0.07823991775512695,1752097884.2528934
610,"[True, False, False, True, True, False, True, False]",154,0.33766722679138184,1752097884.5905607
611,"[True, False, False, False, True, False, True, False]",138,0.15361833572387695,1752097884.744179
613,"[True, False, True, False, False, True, False, False]",164,0.0029418468475341797,1752097885.380146
612,"[True, False, True, False, True, False, True, False]",170,0.6330251693725586,1752097885.3772042
614,"[False, False, True, False, False, True, False, False]",36,0.09852004051208496,1752097885.478666
615,"[False, True, True, False, False, True, False, True]",101,0.42307138442993164,1752097885.9017375
616,"[False, True, False, False, False, True, False, True]",69,0.04606509208679199,1752097885.9478025
617,"[False, True, False, True, True, False, False, True]",89,0.2598714828491211,1752097886.207674
618,"[False, False, False, True, True, False, False, True]",25,0.07776188850402832,1752097886.285436
619,"[True, False, False, True, True, False, True, False]",154,0.33826160430908203,1752097886.6236975
620,"[True, False, False, False, True, False, True, False]",138,0.15391063690185547,1752097886.7776082
621,"[True, False, True, False, False, False, False, False]",160,0.6325764656066895,1752097887.4101846
622,"[True, False, True, False, False, True, False, False]",164,0.0019462108612060547,1752097887.4121308
623,"[False, False, True, False, False, True, False, False]",36,0.09903407096862793,1752097887.511165
624,"[False, True, True, False, False, True, False, True]",101,0.4077143669128418,1752097887.9188793
625,"[False, True, False, False, False, True, False, True]",69,0.06380200386047363,1752097887.9826813
626,"[False, True, False, True, True, False, False, True]",89,0.2589743137359619,1752097888.2416556
627,"[False, False, False, True, True, False, False, True]",25,0.07517695426940918,1752097888.3168325
628,"[True, False, False, True, True, False, True, False]",154,0.3382596969604492,1752097888.6550922
629,"[True, False, False, False, True, False, True, False]",138,0.152998685836792,1752097888.808091
630,"[True, False, True, False, False, False, False, False]",160,0.6340117454528809,1752097889.4421027
631,"[True, False, True, False, False, True, False, False]",164,0.002505779266357422,1752097889.4446084
632,"[False, False, True, False, False, True, False, False]",36,0.1020042896270752,1752097889.5466127
633,"[False, True, True, False, False, True, False, True]",101,0.4050416946411133,1752097889.9516544
634,"[False, True, False, False, False, True, False, True]",69,0.0605006217956543,1752097890.012155
635,"[False, True, False, True, True, False, False, True]",89,0.26019930839538574,1752097890.2723544
636,"[False, False, False, True, True, False, False, True]",25,0.07790565490722656,1752097890.35026
637,"[True, False, False, True, True, False, True, False]",154,0.33674097061157227,1752097890.687001
638,"[True, False, False, False, True, False, True, False]",138,0.15305519104003906,1752097890.8400562
639,"[True, False, True, False, False, True, False, False]",164,0.6427512168884277,1752097891.4828074
640,"[False, False, True, False, False, True, False, False]",36,0.08885860443115234,1752097891.571666
641,"[False, True, True, False, False, True, False, True]",101,0.406771183013916,1752097891.9784372
642,"[False, True, False, False, False, True, False, True]",69,0.06360077857971191,1752097892.042038
643,"[False, True, False, True, True, False, False, True]",89,0.25974535942077637,1752097892.3017833
644,"[False, False, False, True, True, False, False, True]",25,0.07712244987487793,1752097892.3789058
645,"[True, False, False, True, True, False, True, False]",154,0.3371732234954834,1752097892.716079
646,"[True, False, False, False, True, False, True, False]",138,0.15348267555236816,1752097892.8695617
647,"[True, False, True, False, False, True, False, False]",164,0.6347305774688721,1752097893.5042922
648,"[False, False, True, False, False, True, False, False]",36,0.09764671325683594,1752097893.601939
649,"[False, True, True, False, False, True, False, True]",101,0.40915679931640625,1752097894.0110958
650,"[False, True, False, False, False, True, False, True]",69,0.06237983703613281,1752097894.0734756
651,"[False, True, False, True, True, False, False, True]",89,0.26122474670410156,1752097894.3347003
652,"[False, False, False, True, True, False, False, True]",25,0.07502102851867676,1752097894.4097214
653,"[True, False, False, True, True, False, True, False]",154,0.33985304832458496,1752097894.7495744
654,"[True, False, False, False, True, False, True, False]",138,0.16921043395996094,1752097894.9187849
655,"[True, False, True, False, False, False, False, False]",160,0.6176717281341553,1752097895.5364566
656,"[True, False, True, False, False, True, False, False]",164,0.001992940902709961,1752097895.5384495
657,"[False, False, True, False, False, True, False, False]",36,0.09839344024658203,1752097895.636843
658,"[False, True, True, False, False, True, False, True]",101,0.408876895904541,1752097896.0457199
659,"[False, True, False, False, False, True, False, True]",69,0.06010007858276367,1752097896.10582
660,"[False, True, False, True, True, False, False, True]",89,0.26143598556518555,1752097896.367256
661,"[False, False, False, True, True, False, False, True]",25,0.07693982124328613,1752097896.4441957
662,"[True, False, False, True, True, False, True, False]",154,0.33528876304626465,1752097896.7794845
663,"[True, False, False, False, True, False, True, False]",138,0.15432453155517578,1752097896.933809
665,"[True, False, True, False, False, True, False, False]",164,0.002415180206298828,1752097897.5667796
664,"[True, False, True, False, True, False, True, False]",170,0.6305553913116455,1752097897.5643644
666,"[False, False, True, False, False, True, False, False]",36,0.09873175621032715,1752097897.6655114
667,"[False, True, True, False, False, True, False, True]",101,0.4093608856201172,1752097898.0748723
668,"[False, True, False, False, False, True, False, True]",69,0.06155252456665039,1752097898.1364248
669,"[False, True, False, True, True, False, False, True]",89,0.2605440616607666,1752097898.3969688
670,"[False, False, False, True, True, False, False, True]",25,0.07514619827270508,1752097898.472115
671,"[True, False, False, True, True, False, True, False]",154,0.33945488929748535,1752097898.81157
672,"[True, False, False, False, True, False, True, False]",138,0.15459918975830078,1752097898.966169
673,"[True, False, True, False, False, False, False, False]",160,0.6327712535858154,1752097899.5989404
674,"[True, False, True, False, False, True, False, False]",164,0.0019927024841308594,1752097899.600933
675,"[False, False, True, False, False, True, False, False]",36,0.09812545776367188,1752097899.6990585
676,"[False, True, True, False, False, True, False, True]",101,0.4089686870574951,1752097900.1080272
677,"[False, True, False, False, False, True, False, True]",69,0.0740509033203125,1752097900.1820781
678,"[False, True, False, True, True, False, False, True]",89,0.24819445610046387,1752097900.4302726
679,"[False, False, False, True, True, False, False, True]",25,0.07550764083862305,1752097900.5057802
680,"[True, False, False, True, True, False, True, False]",154,0.3378753662109375,1752097900.8436556
681,"[True, False, False, False, True, False, True, False]",138,0.15454983711242676,1752097900.9982054
682,"[True, False, True, False, False, False, False, False]",160,0.631843090057373,1752097901.6300485
683,"[True, False, True, False, False, True, False, False]",164,0.0021321773529052734,1752097901.6321807
684,"[False, False, True, False, False, True, False, False]",36,0.09838390350341797,1752097901.7305646
685,"[False, True, True, False, False, True, False, True]",101,0.40854358673095703,1752097902.1391082
686,"[False, True, False, False, False, True, False, True]",69,0.06252861022949219,1752097902.2016368
687,"[False, True, False, True, True, False, False, True]",89,0.2598869800567627,1752097902.4615238
688,"[False, False, False, True, True, False, False, True]",25,0.07926154136657715,1752097902.5407853
689,"[True, False, False, True, True, False, True, False]",154,0.3357679843902588,1752097902.8765533
690,"[True, False, False, False, True, False, True, False]",138,0.15341615676879883,1752097903.0299695
691,"[True, False, True, False, True, False, True, False]",170,0.6294534206390381,1752097903.6594229
692,"[True, False, True, False, False, True, False, False]",164,0.0020384788513183594,1752097903.6614614
693,"[False, False, True, False, False, True, False, False]",36,0.09895110130310059,1752097903.7604125
694,"[False, True, True, False, False, True, False, True]",101,0.40897631645202637,1752097904.1693888
695,"[False, True, False, False, False, True, False, True]",69,0.062044382095336914,1752097904.2314332
696,"[False, True, False, True, True, False, False, True]",89,0.2598285675048828,1752097904.4912617
697,"[False, False, False, True, True, False, False, True]",25,0.07717084884643555,1752097904.5684326
698,"[True, False, False, True, True, False, True, False]",154,0.3376939296722412,1752097904.9061265
699,"[True, False, False, False, True, False, True, False]",138,0.15366530418395996,1752097905.0597918
701,"[True, False, True, False, False, True, False, False]",164,0.0019228458404541016,1752097905.692693
700,"[True, False, True, False, True, False, True, False]",170,0.6309783458709717,1752097905.6907701
702,"[False, False, True, False, False, True, False, False]",36,0.09936404228210449,1752097905.792057
703,"[False, True, True, False, False, True, False, True]",101,0.4071044921875,1752097906.1991615
704,"[False, True, False, False, False, True, False, True]",69,0.06203961372375488,1752097906.2612011
705,"[False, True, False, True, True, False, False, True]",89,0.2602205276489258,1752097906.5214217
706,"[False, False, False, True, True, False, False, True]",25,0.0885310173034668,1752097906.6099527
707,"[True, False, False, True, True, False, True, False]",154,0.32726621627807617,1752097906.937219
708,"[True, False, False, False, True, False, True, False]",138,0.1509385108947754,1752097907.0881574
709,"[True, False, True, False, False, True, False, False]",164,0.6347482204437256,1752097907.7229056
710,"[False, False, True, False, False, True, False, False]",36,0.09741091728210449,1752097907.8203166
711,"[False, True, True, False, False, True, False, True]",101,0.4079616069793701,1752097908.2282782
712,"[False, True, False, False, False, True, False, True]",69,0.06362390518188477,1752097908.291902
713,"[False, True, False, True, True, False, False, True]",89,0.26009202003479004,1752097908.551994
714,"[False, False, False, True, True, False, False, True]",25,0.08417701721191406,1752097908.636171
715,"[True, False, False, True, True, False, True, False]",154,0.3297770023345947,1752097908.965948
716,"[True, False, False, False, True, False, True, False]",138,0.15393590927124023,1752097909.119884
717,"[True, False, True, False, False, False, False, False]",160,0.6308774948120117,1752097909.7507615
718,"[True, False, True, False, False, True, False, False]",164,0.0019936561584472656,1752097909.7527552
719,"[False, False, True, False, False, True, False, False]",36,0.0973501205444336,1752097909.8501053
720,"[False, True, True, False, False, True, False, True]",101,0.4084789752960205,1752097910.2585843
721,"[False, True, False, False, False, True, False, True]",69,0.06241965293884277,1752097910.321004
722,"[False, True, False, True, True, False, False, True]",89,0.25990915298461914,1752097910.580913
723,"[False, False, False, True, True, False, False, True]",25,0.0774695873260498,1752097910.6583827
724,"[False, False, False, True, False, False, False, False]",16,0.06479310989379883,1752097910.7231758
725,"[True, False, False, True, False, False, False, False]",144,0.27399396896362305,1752097910.9971697
726,"[True, False, False, True, False, False, False, False]",144,30.000200271606445,1752097940.99737
