Passo,Step,Valor do Passo,Duracao (s),Timestamp
0,"[False, True, False, False, False, True, False, True]",69,6.930876016616821,1752096386.8345723
1,"[False, True, True, False, False, True, False, True]",101,0.221205472946167,1752096387.0548346
2,"[False, True, False, False, False, True, False, True]",69,0.5021016597747803,1752096387.5569363
3,"[False, True, False, True, True, False, False, True]",89,5.046147584915161,1752096392.6030838
4,"[False, False, False, True, True, False, False, True]",25,0.21253204345703125,1752096392.815616
5,"[True, False, False, True, True, False, True, False]",154,2.895580291748047,1752096395.7111962
6,"[True, False, False, False, True, False, True, False]",138,0.3745112419128418,1752096396.0857074
7,"[True, False, True, False, False, False, False, False]",160,3.3247556686401367,1752096399.410463
8,"[True, False, True, False, False, True, False, False]",164,0.001991748809814453,1752096399.4124548
9,"[False, False, True, False, False, True, False, False]",36,0.4356722831726074,1752096399.8481271
10,"[False, False, False, False, False, True, False, False]",4,0.053583383560180664,1752096399.9017105
11,"[False, True, False, False, False, True, False, True]",69,5.557915925979614,1752096405.4596264
12,"[False, True, True, False, False, True, False, True]",101,0.19672036170959473,1752096405.6563468
13,"[False, True, False, False, False, True, False, True]",69,0.5482378005981445,1752096406.2045846
14,"[False, True, False, True, True, False, False, True]",89,5.2393798828125,1752096411.4439645
15,"[False, False, False, True, True, False, False, True]",25,0.14433693885803223,1752096411.5883014
16,"[True, False, False, True, True, False, True, False]",154,3.0204031467437744,1752096414.6096442
17,"[True, False, False, False, True, False, True, False]",138,0.3868694305419922,1752096414.995574
18,"[True, False, True, False, False, False, False, False]",160,3.380460739135742,1752096418.3760347
19,"[True, False, True, False, False, True, False, False]",164,0.0019423961639404297,1752096418.3779771
20,"[False, False, True, False, False, True, False, False]",36,0.4551413059234619,1752096418.8331184
21,"[False, False, False, False, False, True, False, False]",4,0.04012727737426758,1752096418.8732457
22,"[False, True, False, False, False, True, False, True]",69,5.799971342086792,1752096424.673217
23,"[False, True, True, False, False, True, False, True]",101,0.20221614837646484,1752096424.8754332
24,"[False, True, False, False, False, True, False, True]",69,0.5590486526489258,1752096425.4344819
25,"[False, True, False, True, True, False, False, True]",89,5.347649812698364,1752096430.7821317
26,"[False, False, False, True, True, False, False, True]",25,0.14287829399108887,1752096430.92501
27,"[True, False, False, True, True, False, True, False]",154,3.053117036819458,1752096433.978127
28,"[True, False, False, False, True, False, True, False]",138,0.39558959007263184,1752096434.3737166
29,"[True, False, True, False, False, False, False, False]",160,3.4075417518615723,1752096437.7812583
30,"[True, False, True, False, False, True, False, False]",164,0.002012014389038086,1752096437.7832704
31,"[False, False, True, False, False, True, False, False]",36,0.4600245952606201,1752096438.243295
32,"[False, False, False, False, False, True, False, False]",4,0.03952503204345703,1752096438.28282
33,"[False, True, False, False, False, True, False, True]",69,5.845804929733276,1752096444.128625
34,"[False, True, True, False, False, True, False, True]",101,0.20428800582885742,1752096444.332913
35,"[False, True, False, False, False, True, False, True]",69,0.5693047046661377,1752096444.9022176
36,"[False, True, False, True, True, False, False, True]",89,5.339144706726074,1752096450.2413623
37,"[False, False, False, True, True, False, False, True]",25,0.14437294006347656,1752096450.3857353
38,"[True, False, False, True, True, False, True, False]",154,3.088376522064209,1752096453.4741118
39,"[True, False, False, False, True, False, True, False]",138,0.39354467391967773,1752096453.8676565
41,"[True, False, True, False, False, True, False, False]",164,0.001979827880859375,1752096457.306639
40,"[True, False, True, False, True, False, True, False]",170,3.437002658843994,1752096457.3046591
42,"[False, False, True, False, False, True, False, False]",36,0.46116209030151367,1752096457.767801
43,"[False, False, False, False, False, True, False, False]",4,0.048468828201293945,1752096457.8162699
44,"[False, True, False, False, False, True, False, True]",69,5.85893988609314,1752096463.6752098
45,"[False, True, True, False, False, True, False, True]",101,0.2111976146697998,1752096463.8864074
46,"[False, True, False, False, False, True, False, True]",69,0.57633376121521,1752096464.4627411
47,"[False, True, False, True, True, False, False, True]",89,5.413294553756714,1752096469.8760357
48,"[False, False, False, True, True, False, False, True]",25,0.14595866203308105,1752096470.0219944
49,"[True, False, False, True, True, False, True, False]",154,3.1176040172576904,1752096473.1395984
50,"[True, False, False, False, True, False, True, False]",138,0.39135193824768066,1752096473.5309503
52,"[True, False, True, False, False, True, False, False]",164,0.002024412155151367,1752096476.9920254
51,"[True, False, True, False, True, False, True, False]",170,3.4590506553649902,1752096476.990001
53,"[False, False, True, False, False, True, False, False]",36,0.46546483039855957,1752096477.4574902
54,"[False, False, False, False, False, True, False, False]",4,0.044045209884643555,1752096477.5015354
55,"[False, True, False, False, False, True, False, True]",69,5.90493631362915,1752096483.4064717
56,"[False, True, True, False, False, True, False, True]",101,0.21222186088562012,1752096483.6186936
57,"[False, True, False, False, False, True, False, True]",69,0.5862936973571777,1752096484.2049873
58,"[False, True, False, True, True, False, False, True]",89,5.651201963424683,1752096489.8561893
59,"[False, False, False, True, True, False, False, True]",25,0.13994216918945312,1752096489.9961314
60,"[True, False, False, True, True, False, True, False]",154,3.1307144165039062,1752096493.1268458
61,"[True, False, False, False, True, False, True, False]",138,0.3963048458099365,1752096493.5231507
62,"[True, False, True, False, True, False, True, False]",170,3.4872963428497314,1752096497.010447
63,"[True, False, True, False, False, True, False, False]",164,0.0020067691802978516,1752096497.0124538
64,"[False, False, True, False, False, True, False, False]",36,0.4674711227416992,1752096497.479925
65,"[False, False, False, False, False, True, False, False]",4,0.04234170913696289,1752096497.5222666
66,"[False, True, False, False, False, True, False, True]",69,5.94683837890625,1752096503.469105
67,"[False, True, True, False, False, True, False, True]",101,0.2123863697052002,1752096503.6814914
68,"[False, True, False, False, False, True, False, True]",69,0.5891668796539307,1752096504.2706583
69,"[False, True, False, True, True, False, False, True]",89,5.736168384552002,1752096510.0068266
70,"[False, False, False, True, True, False, False, True]",25,0.14603018760681152,1752096510.1528568
71,"[True, False, False, True, True, False, True, False]",154,3.1515934467315674,1752096513.3044503
72,"[True, False, False, False, True, False, True, False]",138,0.40032029151916504,1752096513.7047706
74,"[True, False, True, False, False, True, False, False]",164,0.0020186901092529297,1752096517.2119648
73,"[True, False, True, False, False, False, False, False]",160,3.5051755905151367,1752096517.2099462
75,"[False, False, True, False, False, True, False, False]",36,0.46939706802368164,1752096517.681362
76,"[False, False, False, False, False, True, False, False]",4,0.04063129425048828,1752096517.7219932
77,"[False, True, False, False, False, True, False, True]",69,5.980717182159424,1752096523.7027104
78,"[False, True, True, False, False, True, False, True]",101,0.2156522274017334,1752096523.9183626
79,"[False, True, False, False, False, True, False, True]",69,0.5921366214752197,1752096524.5104992
80,"[False, True, False, True, True, False, False, True]",89,5.784876108169556,1752096530.2953753
81,"[False, False, False, True, True, False, False, True]",25,0.14719605445861816,1752096530.4425714
82,"[True, False, False, True, True, False, True, False]",154,3.171030044555664,1752096533.6136014
83,"[True, False, False, False, True, False, True, False]",138,0.4019813537597656,1752096534.0155828
84,"[True, False, True, False, True, False, True, False]",170,3.53105092048645,1752096537.5466337
85,"[True, False, True, False, False, True, False, False]",164,0.0020072460174560547,1752096537.548641
86,"[False, False, True, False, False, True, False, False]",36,0.47148776054382324,1752096538.0201287
87,"[False, False, False, False, False, True, False, False]",4,0.036394596099853516,1752096538.0565233
88,"[False, True, False, False, False, True, False, True]",69,6.006685495376587,1752096544.0632088
89,"[False, True, True, False, False, True, False, True]",101,0.21993446350097656,1752096544.2831433
90,"[False, True, False, False, False, True, False, True]",69,0.6066074371337891,1752096544.8897507
91,"[False, True, False, True, True, False, False, True]",89,5.856663942337036,1752096550.7464147
92,"[False, False, False, True, True, False, False, True]",25,0.14818596839904785,1752096550.8946006
93,"[True, False, False, True, True, False, True, False]",154,3.189788579940796,1752096554.0843892
94,"[True, False, False, False, True, False, True, False]",138,0.40351438522338867,1752096554.4879036
95,"[True, False, True, False, False, False, False, False]",160,3.5499515533447266,1752096558.0378551
96,"[True, False, True, False, False, True, False, False]",164,0.001991748809814453,1752096558.039847
97,"[False, False, True, False, False, True, False, False]",36,0.4739034175872803,1752096558.5137503
98,"[False, False, False, False, False, True, False, False]",4,0.028530359268188477,1752096558.5422807
99,"[False, True, False, False, False, True, False, True]",69,6.056899547576904,1752096564.5991802
100,"[False, True, True, False, False, True, False, True]",101,0.2204587459564209,1752096564.819639
101,"[False, True, False, False, False, True, False, True]",69,0.6073253154754639,1752096565.4269643
102,"[False, True, False, True, True, False, False, True]",89,5.936718463897705,1752096571.3636827
103,"[False, False, False, True, True, False, False, True]",25,0.15001463890075684,1752096571.5136974
104,"[True, False, False, True, True, False, True, False]",154,3.2020437717437744,1752096574.7157412
105,"[True, False, False, False, True, False, True, False]",138,0.4083552360534668,1752096575.1240964
106,"[True, False, True, False, True, False, True, False]",170,3.5809478759765625,1752096578.7050443
107,"[True, False, True, False, False, True, False, False]",164,0.002020120620727539,1752096578.7070644
108,"[False, False, True, False, False, True, False, False]",36,0.48072171211242676,1752096579.187786
109,"[False, False, False, False, False, True, False, False]",4,0.013959407806396484,1752096579.2017455
110,"[False, True, False, False, False, True, False, True]",69,6.090916156768799,1752096585.2926617
111,"[False, True, True, False, False, True, False, True]",101,0.2205977439880371,1752096585.5132594
112,"[False, True, False, False, False, True, False, True]",69,0.6131758689880371,1752096586.1264353
113,"[False, True, False, True, True, False, False, True]",89,5.766822099685669,1752096591.8932574
114,"[False, False, False, True, True, False, False, True]",25,0.14821171760559082,1752096592.041469
115,"[True, False, False, True, True, False, True, False]",154,3.2258760929107666,1752096595.2673452
116,"[True, False, False, False, True, False, True, False]",138,0.4078962802886963,1752096595.6752415
118,"[True, False, True, False, False, True, False, False]",164,0.0020067691802978516,1752096599.2925103
117,"[True, False, True, False, False, False, False, False]",160,3.615262031555176,1752096599.2905035
119,"[False, False, True, False, False, True, False, False]",36,0.4767029285430908,1752096599.7692132
120,"[False, False, False, False, False, True, False, False]",4,0.007044076919555664,1752096599.7762573
121,"[False, True, False, False, False, True, False, True]",69,6.122184753417969,1752096605.898442
122,"[False, True, True, False, False, True, False, True]",101,0.22129464149475098,1752096606.1197367
123,"[False, True, False, False, False, True, False, True]",69,0.6180222034454346,1752096606.7377589
124,"[False, True, False, True, True, False, False, True]",89,5.820528984069824,1752096612.5582879
125,"[False, False, False, True, True, False, False, True]",25,0.15050482749938965,1752096612.7087927
126,"[True, False, False, True, True, False, True, False]",154,3.232530355453491,1752096615.941323
127,"[True, False, False, False, True, False, True, False]",138,0.3994584083557129,1752096616.3407815
128,"[True, False, True, False, False, False, False, False]",160,3.669447183609009,1752096620.0102286
129,"[True, False, True, False, False, True, False, False]",164,0.0020012855529785156,1752096620.01223
130,"[True, False, False, False, False, True, False, False]",132,0.4561610221862793,1752096620.468391
131,"[False, False, False, False, False, True, False, False]",4,0.023925304412841797,1752096620.4923162
132,"[False, True, False, False, False, True, False, True]",69,6.15526270866394,1752096626.647579
133,"[False, True, True, False, False, True, False, True]",101,0.2200171947479248,1752096626.8675961
134,"[False, True, False, False, False, True, False, True]",69,0.6202287673950195,1752096627.487825
135,"[False, True, False, True, True, False, False, True]",89,6.036146640777588,1752096633.5239716
136,"[False, False, False, True, True, False, False, True]",25,0.14960050582885742,1752096633.673572
137,"[True, False, False, True, True, False, True, False]",154,3.2487540245056152,1752096636.922326
138,"[True, False, False, False, True, False, True, False]",138,0.4131741523742676,1752096637.3355002
139,"[True, False, True, False, True, False, True, False]",170,3.702850341796875,1752096641.0383506
140,"[True, False, True, False, False, True, False, False]",164,0.0019922256469726562,1752096641.0403428
141,"[True, False, False, False, False, True, False, False]",132,0.4326608180999756,1752096641.4730036
142,"[False, False, False, False, False, True, False, False]",4,0.04655146598815918,1752096641.519555
143,"[False, True, False, False, False, True, False, True]",69,6.174432277679443,1752096647.6939874
144,"[False, True, True, False, False, True, False, True]",101,0.22268295288085938,1752096647.9166703
145,"[False, True, False, False, False, True, False, True]",69,0.6250710487365723,1752096648.5417414
146,"[False, True, False, True, True, False, False, True]",89,6.043273210525513,1752096654.5850146
147,"[False, False, False, True, True, False, False, True]",25,0.15027666091918945,1752096654.7352912
148,"[True, False, False, True, True, False, True, False]",154,3.262866497039795,1752096657.9981577
149,"[True, False, False, False, True, False, True, False]",138,0.4161217212677002,1752096658.4142795
151,"[True, False, True, False, False, True, False, False]",164,0.0020639896392822266,1752096662.163085
150,"[True, False, True, False, False, False, False, False]",160,3.746741533279419,1752096662.161021
152,"[True, False, False, False, False, True, False, False]",132,0.4209725856781006,1752096662.5840576
153,"[False, False, False, False, False, True, False, False]",4,0.0597994327545166,1752096662.643857
154,"[False, True, False, False, False, True, False, True]",69,6.204333305358887,1752096668.8481903
155,"[False, True, True, False, False, True, False, True]",101,0.22474884986877441,1752096669.0729392
156,"[False, True, False, False, False, True, False, True]",69,0.6307394504547119,1752096669.7036786
157,"[False, True, False, True, True, False, False, True]",89,6.115191698074341,1752096675.8188703
158,"[False, False, False, True, True, False, False, True]",25,0.15049004554748535,1752096675.9693604
159,"[True, False, False, True, True, False, True, False]",154,3.2779321670532227,1752096679.2472925
160,"[True, False, False, False, True, False, True, False]",138,0.40848541259765625,1752096679.655778
161,"[True, False, True, False, True, False, True, False]",170,3.7607476711273193,1752096683.4165256
162,"[True, False, True, False, False, True, False, False]",164,0.001992464065551758,1752096683.418518
163,"[True, False, False, False, False, True, False, False]",132,0.41718316078186035,1752096683.8357012
164,"[False, False, False, False, False, True, False, False]",4,0.06575775146484375,1752096683.901459
165,"[False, True, False, False, False, True, False, True]",69,6.226503133773804,1752096690.127962
166,"[False, True, True, False, False, True, False, True]",101,0.22501611709594727,1752096690.3529782
167,"[False, True, False, False, False, True, False, True]",69,0.6378765106201172,1752096690.9908547
168,"[False, True, False, True, True, False, False, True]",89,6.168514013290405,1752096697.1593688
169,"[False, False, False, True, True, False, False, True]",25,0.15025639533996582,1752096697.3096251
170,"[True, False, False, True, True, False, True, False]",154,3.288722515106201,1752096700.5983477
171,"[True, False, False, False, True, False, True, False]",138,0.4103841781616211,1752096701.0087318
172,"[True, False, True, False, False, False, False, False]",160,3.740156888961792,1752096704.7488887
173,"[True, False, True, False, False, True, False, False]",164,0.0029993057250976562,1752096704.751888
174,"[True, False, False, False, False, True, False, False]",132,0.442502498626709,1752096705.1943905
175,"[False, False, False, False, False, True, False, False]",4,0.041543006896972656,1752096705.2359335
176,"[False, True, False, False, False, True, False, True]",69,6.252503395080566,1752096711.488437
177,"[False, True, True, False, False, True, False, True]",101,0.22527289390563965,1752096711.7137098
178,"[False, True, False, False, False, True, False, True]",69,0.6401243209838867,1752096712.3538342
179,"[False, True, False, True, True, False, False, True]",89,6.211411237716675,1752096718.5652454
180,"[False, False, False, True, True, False, False, True]",25,0.1499929428100586,1752096718.7152383
181,"[True, False, False, True, True, False, True, False]",154,3.299970865249634,1752096722.0152092
182,"[True, False, False, False, True, False, True, False]",138,0.4170207977294922,1752096722.43223
183,"[True, False, True, False, True, False, True, False]",170,3.737921714782715,1752096726.1701517
184,"[True, False, True, False, False, True, False, False]",164,0.001991748809814453,1752096726.1721435
185,"[True, False, False, False, False, True, False, False]",132,0.4512639045715332,1752096726.6234074
186,"[False, False, False, False, False, True, False, False]",4,0.03456854820251465,1752096726.657976
187,"[False, True, False, False, False, True, False, True]",69,6.261113166809082,1752096732.919089
188,"[False, True, True, False, False, True, False, True]",101,0.22841191291809082,1752096733.147501
189,"[False, True, False, False, False, True, False, True]",69,0.6444156169891357,1752096733.7919166
190,"[False, True, False, True, True, False, False, True]",89,6.031175136566162,1752096739.8230917
191,"[False, False, False, True, True, False, False, True]",25,0.15022635459899902,1752096739.973318
192,"[True, False, False, True, True, False, True, False]",154,3.3095202445983887,1752096743.2828383
193,"[True, False, False, False, True, False, True, False]",138,0.4144716262817383,1752096743.69731
194,"[True, False, True, False, True, False, True, False]",170,3.820930004119873,1752096747.51824
195,"[True, False, True, False, False, True, False, False]",164,0.0019986629486083984,1752096747.5202386
196,"[True, False, False, False, False, True, False, False]",132,0.4007604122161865,1752096747.920999
197,"[False, False, False, False, False, True, False, False]",4,0.08762454986572266,1752096748.0086236
198,"[False, True, False, False, False, True, False, True]",69,6.284055233001709,1752096754.2926788
199,"[False, True, True, False, False, True, False, True]",101,0.23024535179138184,1752096754.5229242
200,"[False, True, False, False, False, True, False, True]",69,0.6479687690734863,1752096755.170893
201,"[False, True, False, True, True, False, False, True]",89,6.062134265899658,1752096761.2330272
202,"[False, False, False, True, True, False, False, True]",25,0.15083742141723633,1752096761.3838646
203,"[True, False, False, True, True, False, True, False]",154,3.3170418739318848,1752096764.7009065
204,"[True, False, False, False, True, False, True, False]",138,0.4106435775756836,1752096765.11155
205,"[True, False, True, False, True, False, True, False]",170,3.908172130584717,1752096769.0197222
206,"[True, False, True, False, False, True, False, False]",164,0.002002239227294922,1752096769.0217245
207,"[True, False, False, False, False, True, False, False]",132,0.34961843490600586,1752096769.371343
208,"[False, False, False, False, False, True, False, False]",4,0.14025068283081055,1752096769.5115936
209,"[False, False, False, False, False, False, False, False]",0,0.13026785850524902,1752096769.6418614
210,"[False, True, False, False, False, False, False, False]",64,6.178338289260864,1752096775.8201997
211,"[False, True, False, False, False, False, False, False]",64,30.00007152557373,1752096805.8202713
