Passo,Step,Valor do Passo,Duracao (s),Timestamp
1,"[True, False, True, False, False, True, False, False]",164,0.002942323684692383,1752098399.8779874
0,"[True, False, True, False, False, False, False, False]",160,17.184736490249634,1752098399.8744516
2,"[False, False, True, False, False, True, False, False]",36,0.12158036231994629,1752098399.9989743
3,"[False, True, True, False, False, True, False, True]",101,0.49551844596862793,1752098400.4944928
4,"[False, True, False, False, False, True, False, True]",69,0.09621810913085938,1752098400.5907109
5,"[False, True, False, True, True, False, False, True]",89,0.3688998222351074,1752098400.9596107
6,"[False, False, False, True, True, False, False, True]",25,0.07168698310852051,1752098401.0312977
7,"[False, False, False, False, True, False, False, True]",9,0.0261080265045166,1752098401.0574057
8,"[True, False, False, False, True, False, True, False]",138,0.23372983932495117,1752098401.2911355
9,"[True, False, False, True, True, False, True, False]",154,0.10508465766906738,1752098401.3962202
10,"[True, False, False, False, True, False, True, False]",138,0.04533839225769043,1752098401.4415586
11,"[True, False, True, False, True, False, True, False]",170,0.36623668670654297,1752098401.8077953
12,"[True, False, True, False, False, True, False, False]",164,0.0039865970611572266,1752098401.811782
13,"[False, False, True, False, False, True, False, False]",36,0.10648584365844727,1752098401.9182677
14,"[False, True, True, False, False, True, False, True]",101,0.5256130695343018,1752098402.4438808
15,"[False, True, False, False, False, True, False, True]",69,0.07431316375732422,1752098402.5191908
16,"[False, True, False, True, True, False, False, True]",89,0.3972172737121582,1752098402.9154112
17,"[False, False, False, True, True, False, False, True]",25,0.07022786140441895,1752098402.985639
18,"[False, False, False, False, True, False, False, True]",9,0.029485702514648438,1752098403.0151248
19,"[True, False, False, False, True, False, True, False]",138,0.22992253303527832,1752098403.2450473
20,"[True, False, False, True, True, False, True, False]",154,0.10406351089477539,1752098403.3491108
21,"[True, False, False, False, True, False, True, False]",138,0.04584789276123047,1752098403.3949587
22,"[True, False, True, False, False, False, False, False]",160,0.36630868911743164,1752098403.7612674
23,"[True, False, True, False, False, True, False, False]",164,0.0019941329956054688,1752098403.7632616
24,"[False, False, True, False, False, True, False, False]",36,0.1146092414855957,1752098403.8778708
25,"[False, True, True, False, False, True, False, True]",101,0.5219156742095947,1752098404.3997865
26,"[False, True, False, False, False, True, False, True]",69,0.07236671447753906,1752098404.4721532
27,"[False, True, False, True, True, False, False, True]",89,0.3989739418029785,1752098404.8711271
28,"[False, False, False, True, True, False, False, True]",25,0.07145977020263672,1752098404.942587
29,"[False, False, False, False, True, False, False, True]",9,0.02984476089477539,1752098404.9724317
30,"[True, False, False, False, True, False, True, False]",138,0.23080110549926758,1752098405.2032328
31,"[True, False, False, True, True, False, True, False]",154,0.10793709754943848,1752098405.3111699
32,"[True, False, False, False, True, False, True, False]",138,0.049217939376831055,1752098405.3603878
34,"[True, False, True, False, False, True, False, False]",164,0.0019936561584472656,1752098405.7278636
33,"[True, False, True, False, False, False, False, False]",160,0.3654820919036865,1752098405.72587
35,"[False, False, True, False, False, True, False, False]",36,0.10967469215393066,1752098405.8375382
36,"[False, True, True, False, False, True, False, True]",101,0.5273890495300293,1752098406.3649273
37,"[False, True, False, False, False, True, False, True]",69,0.07485818862915039,1752098406.4397855
38,"[False, True, False, True, True, False, False, True]",89,0.3978281021118164,1752098406.8376136
39,"[False, False, False, True, True, False, False, True]",25,0.06994915008544922,1752098406.9075627
40,"[False, False, False, False, True, False, False, True]",9,0.03150749206542969,1752098406.9390702
41,"[True, False, False, False, True, False, True, False]",138,0.229356050491333,1752098407.1684263
42,"[True, False, False, True, True, False, True, False]",154,0.1070702075958252,1752098407.2754965
43,"[True, False, False, False, True, False, True, False]",138,0.04950714111328125,1752098407.3250036
44,"[True, False, True, False, True, False, True, False]",170,0.36592602729797363,1752098407.6909297
45,"[True, False, True, False, False, True, False, False]",164,0.0019936561584472656,1752098407.6929233
46,"[False, False, True, False, False, True, False, False]",36,0.10984587669372559,1752098407.8027692
47,"[False, True, True, False, False, True, False, True]",101,0.5278596878051758,1752098408.3306289
48,"[False, True, False, False, False, True, False, True]",69,0.07425355911254883,1752098408.4048824
49,"[False, True, False, True, True, False, False, True]",89,0.40056490898132324,1752098408.8054473
50,"[False, False, False, True, True, False, False, True]",25,0.06884431838989258,1752098408.8742917
51,"[False, False, False, False, True, False, False, True]",9,0.031899213790893555,1752098408.9061909
52,"[True, False, False, False, True, False, True, False]",138,0.2270963191986084,1752098409.1332872
53,"[True, False, False, True, True, False, True, False]",154,0.11008501052856445,1752098409.2433722
54,"[True, False, False, False, True, False, True, False]",138,0.052979469299316406,1752098409.2963517
55,"[True, False, True, False, True, False, True, False]",170,0.3714911937713623,1752098409.6678429
56,"[True, False, True, False, False, True, False, False]",164,0.003303050994873047,1752098409.671146
57,"[False, False, True, False, False, True, False, False]",36,0.10978245735168457,1752098409.7809284
58,"[False, True, True, False, False, True, False, True]",101,0.5266473293304443,1752098410.3075757
59,"[False, True, False, False, False, True, False, True]",69,0.06682443618774414,1752098410.3744001
60,"[False, True, False, True, True, False, False, True]",89,0.4036252498626709,1752098410.7780254
61,"[False, False, False, True, True, False, False, True]",25,0.06830096244812012,1752098410.8463264
62,"[False, False, False, False, True, False, False, True]",9,0.02549910545349121,1752098410.8718255
63,"[True, False, False, False, True, False, True, False]",138,0.23444509506225586,1752098411.1062706
64,"[True, False, False, True, True, False, True, False]",154,0.11455678939819336,1752098411.2208273
65,"[True, False, False, False, True, False, True, False]",138,0.04820895195007324,1752098411.2690363
66,"[True, False, True, False, True, False, True, False]",170,0.379375696182251,1752098411.648412
4302
68,"[False, False, True, False, False, True, False, False]",36,0.11009669303894043,1752098411.760527
69,"[False, True, True, False, False, True, False, True]",101,0.5282018184661865,1752098412.2887287
70,"[False, True, False, False, False, True, False, True]",69,0.06323075294494629,1752098412.3519595
71,"[False, True, False, True, True, False, False, True]",89,0.39743471145629883,1752098412.7493942
72,"[False, False, False, True, True, False, False, True]",25,0.07022404670715332,1752098412.8196182
73,"[False, False, False, False, True, False, False, True]",9,0.019935131072998047,1752098412.8395534
74,"[True, False, False, False, True, False, True, False]",138,0.23809266090393066,1752098413.077646
75,"[True, False, False, True, True, False, True, False]",154,0.12430453300476074,1752098413.2019506
76,"[True, False, False, False, True, False, True, False]",138,0.048021554946899414,1752098413.249972
77,"[True, False, True, False, True, False, True, False]",170,0.3763086795806885,1752098413.6272802
78,"[True, False, True, False, False, True, False, False]",164,0.0029892921447753906,1752098413.6298969
79,"[False, False, True, False, False, True, False, False]",36,0.10984683036804199,1752098413.739117
80,"[False, True, True, False, False, True, False, True]",101,0.5270583629608154,1752098414.2661753
81,"[False, True, False, False, False, True, False, True]",69,0.06451821327209473,1752098414.3306935
82,"[False, True, False, True, True, False, False, True]",89,0.3968672752380371,1752098414.7275608
83,"[False, False, False, True, True, False, False, True]",25,0.0690765380859375,1752098414.7966373
84,"[False, False, False, False, True, False, False, True]",9,0.017989635467529297,1752098414.814627
85,"[True, False, False, False, True, False, True, False]",138,0.24162602424621582,1752098415.056253
86,"[True, False, False, True, True, False, True, False]",154,0.11798810958862305,1752098415.174241
87,"[True, False, False, False, True, False, True, False]",138,0.04753446578979492,1752098415.2217755
88,"[True, False, True, False, True, False, True, False]",170,0.3766336441040039,1752098415.5984092
89,"[True, False, True, False, False, True, False, False]",164,0.0019936561584472656,1752098415.6004028
90,"[False, False, True, False, False, True, False, False]",36,0.11162781715393066,1752098415.7120306
91,"[False, True, True, False, False, True, False, True]",101,0.5270400047302246,1752098416.2390707
92,"[False, True, False, False, False, True, False, True]",69,0.06289315223693848,1752098416.3019638
93,"[False, True, False, True, True, False, False, True]",89,0.3973383903503418,1752098416.6993022
94,"[False, False, False, True, True, False, False, True]",25,0.06851077079772949,1752098416.767813
95,"[False, False, False, False, True, False, False, True]",9,0.02024078369140625,1752098416.7880538
96,"[True, False, False, False, True, False, True, False]",138,0.24015116691589355,1752098417.028205
97,"[True, False, False, True, True, False, True, False]",154,0.1203455924987793,1752098417.1485505
98,"[True, False, False, False, True, False, True, False]",138,0.04718494415283203,1752098417.1957355
99,"[True, False, True, False, False, False, False, False]",160,0.37923312187194824,1752098417.5749686
100,"[True, False, True, False, False, True, False, False]",164,0.001993894577026367,1752098417.5769625
101,"[False, False, True, False, False, True, False, False]",36,0.11009383201599121,1752098417.6870563
102,"[False, True, True, False, False, True, False, True]",101,0.5271611213684082,1752098418.2142174
103,"[False, True, False, False, False, True, False, True]",69,0.06439685821533203,1752098418.2786143
104,"[False, True, False, True, True, False, False, True]",89,0.39530038833618164,1752098418.6739147
105,"[False, False, False, True, True, False, False, True]",25,0.0686953067779541,1752098418.74261
106,"[False, False, False, False, True, False, False, True]",9,0.01793980598449707,1752098418.7605498
107,"[True, False, False, False, True, False, True, False]",138,0.24077725410461426,1752098419.001327
108,"[True, False, False, True, True, False, True, False]",154,0.11364912986755371,1752098419.1149762
109,"[True, False, False, False, True, False, True, False]",138,0.054338693618774414,1752098419.1693149
110,"[True, False, True, False, True, False, True, False]",170,0.371074914932251,1752098419.5403898
111,"[True, False, True, False, False, True, False, False]",164,0.0019381046295166016,1752098419.542328
112,"[False, False, True, False, False, True, False, False]",36,0.11033940315246582,1752098419.6526673
113,"[False, True, True, False, False, True, False, True]",101,0.5278842449188232,1752098420.1805515
114,"[False, True, False, False, False, True, False, True]",69,0.06353998184204102,1752098420.2440915
115,"[False, True, False, True, True, False, False, True]",89,0.39868736267089844,1752098420.6427789
116,"[False, False, False, True, True, False, False, True]",25,0.06581735610961914,1752098420.7085962
117,"[False, False, False, False, True, False, False, True]",9,0.020045757293701172,1752098420.728642
118,"[True, False, False, False, True, False, True, False]",138,0.2384967803955078,1752098420.9671388
119,"[True, False, False, True, True, False, True, False]",154,0.1199800968170166,1752098421.0871189
120,"[True, False, False, False, True, False, True, False]",138,0.04802513122558594,1752098421.135144
122,"[True, False, True, False, False, True, False, False]",164,0.0019931793212890625,1752098421.514838
121,"[True, False, True, False, True, False, True, False]",170,0.3777008056640625,1752098421.5128448
123,"[False, False, True, False, False, True, False, False]",36,0.11022496223449707,1752098421.625063
124,"[False, True, True, False, False, True, False, True]",101,0.5270226001739502,1752098422.1520855
125,"[False, True, False, False, False, True, False, True]",69,0.06356167793273926,1752098422.2156472
126,"[False, True, False, True, True, False, False, True]",89,0.3932037353515625,1752098422.608851
127,"[False, False, False, True, True, False, False, True]",25,0.0691978931427002,1752098422.6780488
128,"[False, False, False, False, True, False, False, True]",9,0.01993703842163086,1752098422.697986
129,"[True, False, False, False, True, False, True, False]",138,0.23871135711669922,1752098422.9366972
130,"[True, False, False, True, True, False, True, False]",154,0.08829832077026367,1752098423.0249956
131,"[True, False, False, False, True, False, True, False]",138,0.0453028678894043,1752098423.0702984
133,"[True, False, True, False, False, True, False, False]",164,0.0019960403442382812,1752098423.3029213
132,"[True, False, True, False, True, False, True, False]",170,0.23062682151794434,1752098423.3009253
134,"[True, False, False, False, False, True, False, False]",132,0.03980207443237305,1752098423.3427234
135,"[False, False, False, False, False, True, False, False]",4,0.06299877166748047,1752098423.4057221
136,"[False, True, False, False, False, True, False, True]",69,0.5343172550201416,1752098423.9400394
137,"[False, True, True, False, False, True, False, True]",101,0.14205670356750488,1752098424.082096
138,"[False, True, False, False, False, True, False, True]",69,0.05193376541137695,1752098424.1340299
139,"[False, True, False, True, True, False, False, True]",89,0.30815863609313965,1752098424.4431365
140,"[False, False, False, True, True, False, False, True]",25,0.07071375846862793,1752098424.5129023
141,"[False, False, False, False, True, False, False, True]",9,0.05156898498535156,1752098424.5644712
142,"[True, False, False, False, True, False, True, False]",138,0.20656156539916992,1752098424.7710328
143,"[True, False, False, True, True, False, True, False]",154,0.08826541900634766,1752098424.8592982
144,"[True, False, False, False, True, False, True, False]",138,0.04657149314880371,1752098424.9058697
145,"[True, False, True, False, True, False, True, False]",170,0.12199592590332031,1752098425.0278656
146,"[True, False, True, False, False, True, False, False]",164,0.0019872188568115234,1752098425.0298529
147,"[True, False, False, False, False, True, False, False]",132,0.04120016098022461,1752098425.071053
148,"[False, False, False, False, False, True, False, False]",4,0.0558619499206543,1752098425.126915
149,"[False, True, False, False, False, True, False, True]",69,0.5413556098937988,1752098425.6682706
150,"[False, True, True, False, False, True, False, True]",101,0.2924661636352539,1752098425.9607368
151,"[False, True, False, False, False, True, False, True]",69,0.055963993072509766,1752098426.0167007
152,"[False, True, False, True, True, False, False, True]",89,0.15595769882202148,1752098426.1726584
153,"[False, False, False, True, True, False, False, True]",25,0.06987714767456055,1752098426.2425356
154,"[False, False, False, False, True, False, False, True]",9,0.05401730537414551,1752098426.296553
155,"[True, False, False, False, True, False, True, False]",138,0.20490455627441406,1752098426.5014575
156,"[True, False, False, True, True, False, True, False]",154,0.08826732635498047,1752098426.5897248
157,"[True, False, False, False, True, False, True, False]",138,0.04730033874511719,1752098426.637025
158,"[True, False, True, False, True, False, True, False]",170,0.11340856552124023,1752098426.7504337
159,"[True, False, True, False, False, True, False, False]",164,0.001984834671020508,1752098426.7524185
160,"[True, False, False, False, False, True, False, False]",132,0.04018878936767578,1752098426.7926073
161,"[False, False, False, False, False, True, False, False]",4,0.05749368667602539,1752098426.850101
162,"[False, True, False, False, False, True, False, True]",69,0.5407569408416748,1752098427.390858
163,"[False, True, True, False, False, True, False, True]",101,0.2922511100769043,1752098427.683109
164,"[False, True, False, False, False, True, False, True]",69,0.05755329132080078,1752098427.7406623
165,"[False, True, False, True, True, False, False, True]",89,0.15672540664672852,1752098427.8973877
166,"[False, False, False, True, True, False, False, True]",25,0.06976628303527832,1752098427.967154
167,"[False, False, False, False, True, False, False, True]",9,0.05187654495239258,1752098428.0190306
168,"[True, False, False, False, True, False, True, False]",138,0.20439410209655762,1752098428.2234247
169,"[True, False, False, True, True, False, True, False]",154,0.09154772758483887,1752098428.3149724
170,"[True, False, False, False, True, False, True, False]",138,0.045416831970214844,1752098428.3603892
172,"[True, False, True, False, False, True, False, False]",164,0.001993894577026367,1752098428.4765923
171,"[True, False, True, False, True, False, True, False]",170,0.11420917510986328,1752098428.4745984
173,"[True, False, False, False, False, True, False, False]",132,0.041953325271606445,1752098428.5185456
174,"[False, False, False, False, False, True, False, False]",4,0.055858612060546875,1752098428.5744042
175,"[False, True, False, False, False, True, False, True]",69,0.5423891544342041,1752098429.1167934
176,"[False, True, True, False, False, True, False, True]",101,0.2917168140411377,1752098429.4085102
177,"[False, True, False, False, False, True, False, True]",69,0.05738425254821777,1752098429.4658945
178,"[False, True, False, True, True, False, False, True]",89,0.15518474578857422,1752098429.6210792
179,"[False, False, False, True, True, False, False, True]",25,0.0693359375,1752098429.6904151
180,"[False, False, False, False, True, False, False, True]",9,0.05323648452758789,1752098429.7436516
181,"[True, False, False, False, True, False, True, False]",138,0.2059919834136963,1752098429.9496436
182,"[True, False, False, True, True, False, True, False]",154,0.08970308303833008,1752098430.0393467
183,"[True, False, False, False, True, False, True, False]",138,0.04635953903198242,1752098430.0857062
184,"[True, False, True, False, False, False, False, False]",160,0.11413025856018066,1752098430.1998365
185,"[True, False, True, False, False, True, False, False]",164,0.002009153366088867,1752098430.2018456
186,"[True, False, False, False, False, True, False, False]",132,0.04157757759094238,1752098430.2434232
187,"[False, False, False, False, False, True, False, False]",4,0.05642366409301758,1752098430.299847
188,"[False, True, False, False, False, True, False, True]",69,0.5420365333557129,1752098430.8418834
189,"[False, True, True, False, False, True, False, True]",101,0.2899761199951172,1752098431.1318595
190,"[False, True, False, False, False, True, False, True]",69,0.05783510208129883,1752098431.1896946
191,"[False, True, False, True, True, False, False, True]",89,0.15645217895507812,1752098431.3461468
192,"[False, False, False, True, True, False, False, True]",25,0.07036209106445312,1752098431.416509
193,"[False, False, False, False, True, False, False, True]",9,0.05194520950317383,1752098431.4684541
194,"[True, False, False, False, True, False, True, False]",138,0.2055952548980713,1752098431.6740494
195,"[True, False, False, True, True, False, True, False]",154,0.09194684028625488,1752098431.7659962
196,"[True, False, False, False, True, False, True, False]",138,0.04480171203613281,1752098431.810798
197,"[True, False, True, False, False, False, False, False]",160,0.1147165298461914,1752098431.9255145
198,"[True, False, True, False, False, True, False, False]",164,0.0039861202239990234,1752098431.9295006
199,"[True, False, False, False, False, True, False, False]",132,0.04143047332763672,1752098431.970931
200,"[False, False, False, False, False, True, False, False]",4,0.05581402778625488,1752098432.026745
201,"[False, True, False, False, False, True, False, True]",69,0.5407090187072754,1752098432.567454
202,"[False, True, True, False, False, True, False, True]",101,0.29002809524536133,1752098432.8574822
203,"[False, True, False, False, False, True, False, True]",69,0.058791399002075195,1752098432.9162736
204,"[False, True, False, True, True, False, False, True]",89,0.15503883361816406,1752098433.0713124
205,"[False, False, False, True, True, False, False, True]",25,0.07145261764526367,1752098433.142765
206,"[False, False, False, False, True, False, False, True]",9,0.050348758697509766,1752098433.1931138
207,"[True, False, False, False, True, False, True, False]",138,0.20669126510620117,1752098433.399805
208,"[True, False, False, True, True, False, True, False]",154,0.08921575546264648,1752098433.4890208
209,"[True, False, False, False, True, False, True, False]",138,0.04537701606750488,1752098433.5343978
210,"[True, False, True, False, False, False, False, False]",160,0.11330318450927734,1752098433.647701
211,"[True, False, True, False, False, True, False, False]",164,0.0019335746765136719,1752098433.6496346
212,"[True, False, False, False, False, True, False, False]",132,0.04002070426940918,1752098433.6896553
213,"[False, False, False, False, False, True, False, False]",4,0.057389259338378906,1752098433.7470446
214,"[False, True, False, False, False, True, False, True]",69,0.5425455570220947,1752098434.2895901
215,"[False, True, True, False, False, True, False, True]",101,0.2951672077178955,1752098434.5847573
216,"[False, True, False, False, False, True, False, True]",69,0.05187559127807617,1752098434.636633
217,"[False, True, False, True, True, False, False, True]",89,0.15848255157470703,1752098434.7951155
218,"[False, False, False, True, True, False, False, True]",25,0.07135748863220215,1752098434.866473
219,"[False, False, False, False, True, False, False, True]",9,0.04987311363220215,1752098434.916346
220,"[True, False, False, False, True, False, True, False]",138,0.20688724517822266,1752098435.1232333
221,"[True, False, False, True, True, False, True, False]",154,0.08878970146179199,1752098435.212023
222,"[True, False, False, False, True, False, True, False]",138,0.04536557197570801,1752098435.2573886
223,"[True, False, True, False, True, False, True, False]",170,0.11374998092651367,1752098435.3711386
224,"[True, False, True, False, False, True, False, False]",164,0.0019385814666748047,1752098435.3730772
225,"[True, False, False, False, False, True, False, False]",132,0.041428565979003906,1752098435.4145057
226,"[False, False, False, False, False, True, False, False]",4,0.05751609802246094,1752098435.4720218
227,"[False, True, False, False, False, True, False, True]",69,0.5427424907684326,1752098436.0147643
228,"[False, True, True, False, False, True, False, True]",101,0.2890963554382324,1752098436.3038607
229,"[False, True, False, False, False, True, False, True]",69,0.05703473091125488,1752098436.3608954
230,"[False, True, False, True, True, False, False, True]",89,0.15915369987487793,1752098436.520049
231,"[False, False, False, True, True, False, False, True]",25,0.06862306594848633,1752098436.5886722
232,"[False, False, False, False, True, False, False, True]",9,0.052216529846191406,1752098436.6408887
233,"[True, False, False, False, True, False, True, False]",138,0.2059767246246338,1752098436.8468654
234,"[True, False, False, True, True, False, True, False]",154,0.08932971954345703,1752098436.9361951
235,"[True, False, False, False, True, False, True, False]",138,0.04536032676696777,1752098436.9815555
236,"[True, False, True, False, False, False, False, False]",160,0.1141507625579834,1752098437.0957062
237,"[True, False, True, False, False, True, False, False]",164,0.001993417739868164,1752098437.0976996
238,"[True, False, False, False, False, True, False, False]",132,0.04056501388549805,1752098437.1382647
239,"[False, False, False, False, False, True, False, False]",4,0.05965852737426758,1752098437.1979232
240,"[False, True, False, False, False, True, False, True]",69,0.5374972820281982,1752098437.7354205
241,"[False, True, True, False, False, True, False, True]",101,0.2891364097595215,1752098438.0245569
242,"[False, True, False, False, False, True, False, True]",69,0.05844998359680176,1752098438.0830069
243,"[False, True, False, True, True, False, False, True]",89,0.15752196311950684,1752098438.2405288
244,"[False, False, False, True, True, False, False, True]",25,0.06996488571166992,1752098438.3104937
245,"[False, False, False, False, True, False, False, True]",9,0.05221199989318848,1752098438.3627057
246,"[True, False, False, False, True, False, True, False]",138,0.20476198196411133,1752098438.5674677
247,"[True, False, False, True, True, False, True, False]",154,0.09061002731323242,1752098438.6580777
248,"[True, False, False, False, True, False, True, False]",138,0.0507967472076416,1752098438.7088745
249,"[True, False, True, False, True, False, True, False]",170,0.10803413391113281,1752098438.8169086
250,"[True, False, True, False, False, True, False, False]",164,0.0023801326751708984,1752098438.8192887
251,"[True, False, False, False, False, True, False, False]",132,0.03940320014953613,1752098438.858692
252,"[False, False, False, False, False, True, False, False]",4,0.057471513748168945,1752098438.9161634
253,"[False, True, False, False, False, True, False, True]",69,0.5426361560821533,1752098439.4587996
254,"[False, True, True, False, False, True, False, True]",101,0.29013991355895996,1752098439.7489395
255,"[False, True, False, False, False, True, False, True]",69,0.05768728256225586,1752098439.8066268
256,"[False, True, False, True, True, False, False, True]",89,0.15851545333862305,1752098439.9656434
257,"[False, False, False, True, True, False, False, True]",25,0.06976914405822754,1752098440.0349114
258,"[False, False, False, False, True, False, False, True]",9,0.051225900650024414,1752098440.0861373
259,"[True, False, False, False, True, False, True, False]",138,0.20641875267028809,1752098440.292556
260,"[True, False, False, True, True, False, True, False]",154,0.08910655975341797,1752098440.3816626
261,"[True, False, False, False, True, False, True, False]",138,0.045720577239990234,1752098440.4273832
262,"[True, False, True, False, True, False, True, False]",170,0.11307764053344727,1752098440.5404608
263,"[True, False, True, False, False, True, False, False]",164,0.001976490020751953,1752098440.5424373
264,"[True, False, False, False, False, True, False, False]",132,0.04346895217895508,1752098440.5859063
265,"[False, False, False, False, False, True, False, False]",4,0.05581355094909668,1752098440.6417198
266,"[False, True, False, False, False, True, False, True]",69,0.5409038066864014,1752098441.1826236
267,"[False, True, True, False, False, True, False, True]",101,0.2920711040496826,1752098441.4746947
268,"[False, True, False, False, False, True, False, True]",69,0.05581188201904297,1752098441.5305066
269,"[False, True, False, True, True, False, False, True]",89,0.15814447402954102,1752098441.688651
270,"[False, False, False, True, True, False, False, True]",25,0.06932210922241211,1752098441.7579732
271,"[False, False, False, False, True, False, False, True]",9,0.06131124496459961,1752098441.8192844
272,"[True, False, False, False, True, False, True, False]",138,0.19643616676330566,1752098442.0157206
273,"[True, False, False, True, True, False, True, False]",154,0.08962869644165039,1752098442.1053493
274,"[True, False, False, False, True, False, True, False]",138,0.04641866683959961,1752098442.151768
275,"[True, False, True, False, True, False, True, False]",170,0.11318707466125488,1752098442.264955
276,"[True, False, True, False, False, True, False, False]",164,0.001992940902709961,1752098442.266948
277,"[True, False, False, False, False, True, False, False]",132,0.04099273681640625,1752098442.3079407
278,"[False, False, False, False, False, True, False, False]",4,0.05691981315612793,1752098442.3648605
279,"[False, True, False, False, False, True, False, True]",69,0.5409929752349854,1752098442.9058535
280,"[False, True, True, False, False, True, False, True]",101,0.2807769775390625,1752098443.1866305
281,"[False, True, False, False, False, True, False, True]",69,0.059798240661621094,1752098443.2464287
282,"[False, True, False, True, True, False, False, True]",89,0.16461420059204102,1752098443.411043
283,"[False, False, False, True, True, False, False, True]",25,0.07029867172241211,1752098443.4813416
284,"[False, False, False, False, True, False, False, True]",9,0.050811052322387695,1752098443.5321527
285,"[True, False, False, False, True, False, True, False]",138,0.2075362205505371,1752098443.7396889
286,"[True, False, False, True, True, False, True, False]",154,0.08961200714111328,1752098443.8293009
287,"[True, False, False, False, True, False, True, False]",138,0.04453444480895996,1752098443.8738353
288,"[True, False, True, False, False, False, False, False]",160,0.12025809288024902,1752098443.9940934
289,"[True, False, True, False, False, True, False, False]",164,0.0019383430480957031,1752098443.9960318
290,"[True, False, False, False, False, True, False, False]",132,0.04015851020812988,1752098444.0361903
291,"[False, False, False, False, False, True, False, False]",4,0.05742669105529785,1752098444.093617
292,"[False, True, False, False, False, True, False, True]",69,0.542412281036377,1752098444.6360292
293,"[False, True, True, False, False, True, False, True]",101,0.281909704208374,1752098444.917939
294,"[False, True, False, False, False, True, False, True]",69,0.05571341514587402,1752098444.9736524
295,"[False, True, False, True, True, False, False, True]",89,0.1689920425415039,1752098445.1426444
296,"[False, False, False, True, True, False, False, True]",25,0.07041215896606445,1752098445.2130566
297,"[False, False, False, False, True, False, False, True]",9,0.04988598823547363,1752098445.2629426
298,"[True, False, False, False, True, False, True, False]",138,0.2087574005126953,1752098445.4717
299,"[True, False, False, True, True, False, True, False]",154,0.08727383613586426,1752098445.5589738
300,"[True, False, False, False, True, False, True, False]",138,0.04493594169616699,1752098445.6039097
301,"[True, False, True, False, False, False, False, False]",160,0.12037515640258789,1752098445.724285
302,"[True, False, True, False, False, True, False, False]",164,0.0019237995147705078,1752098445.7262087
303,"[True, False, False, False, False, True, False, False]",132,0.039131879806518555,1752098445.7653406
304,"[False, False, False, False, False, True, False, False]",4,0.05798196792602539,1752098445.8233225
305,"[False, True, False, False, False, True, False, True]",69,0.5422985553741455,1752098446.365621
306,"[False, True, True, False, False, True, False, True]",101,0.28177428245544434,1752098446.6473954
307,"[False, True, False, False, False, True, False, True]",69,0.056313276290893555,1752098446.7037086
308,"[False, True, False, True, True, False, False, True]",89,0.16658997535705566,1752098446.8702986
309,"[False, False, False, True, True, False, False, True]",25,0.06906771659851074,1752098446.9393663
310,"[False, False, False, False, True, False, False, True]",9,0.06106901168823242,1752098447.0004354
311,"[True, False, False, False, True, False, True, False]",138,0.1952073574066162,1752098447.1956427
312,"[True, False, False, True, True, False, True, False]",154,0.09026265144348145,1752098447.2859054
313,"[True, False, False, False, True, False, True, False]",138,0.04329347610473633,1752098447.3291988
314,"[True, False, True, False, True, False, True, False]",170,0.11822867393493652,1752098447.4474275
315,"[True, False, True, False, False, True, False, False]",164,0.0019953250885009766,1752098447.4494228
316,"[True, False, False, False, False, True, False, False]",132,0.04246878623962402,1752098447.4918916
317,"[False, False, False, False, False, True, False, False]",4,0.054780006408691406,1752098447.5466716
318,"[False, True, False, False, False, True, False, True]",69,0.5470309257507324,1752098448.0937026
319,"[False, True, True, False, False, True, False, True]",101,0.27793383598327637,1752098448.3716364
320,"[False, True, False, False, False, True, False, True]",69,0.05664992332458496,1752098448.4282863
321,"[False, True, False, True, True, False, False, True]",89,0.16726469993591309,1752098448.595551
322,"[False, False, False, True, True, False, False, True]",25,0.07068777084350586,1752098448.6662388
323,"[False, False, False, False, True, False, False, True]",9,0.049851417541503906,1752098448.7160902
324,"[True, False, False, False, True, False, True, False]",138,0.20647215843200684,1752098448.9225624
325,"[True, False, False, True, True, False, True, False]",154,0.0907282829284668,1752098449.0132906
326,"[True, False, False, False, True, False, True, False]",138,0.0442509651184082,1752098449.0575416
327,"[True, False, True, False, True, False, True, False]",170,0.11988353729248047,1752098449.1774251
328,"[True, False, True, False, False, True, False, False]",164,0.0019965171813964844,1752098449.1794217
329,"[True, False, False, False, False, True, False, False]",132,0.04027104377746582,1752098449.2196927
330,"[False, False, False, False, False, True, False, False]",4,0.05904221534729004,1752098449.278735
