Passo,Step,Valor do Passo,Duracao (s),Timestamp
0,"[False, True, True, False, False, True, False, True]",101,0.07133650779724121,1752098457.0176063
1,"[False, True, False, False, False, True, False, True]",69,0.05522799491882324,1752098457.0718374
2,"[False, True, False, True, True, False, False, True]",89,0.16897273063659668,1752098457.2408102
3,"[False, False, False, True, True, False, False, True]",25,0.06880974769592285,1752098457.30962
4,"[False, False, False, False, True, False, False, True]",9,0.05090188980102539,1752098457.3605218
5,"[True, False, False, False, True, False, True, False]",138,0.20707225799560547,1752098457.567594
6,"[True, False, False, True, True, False, True, False]",154,0.08836507797241211,1752098457.6559591
7,"[True, False, False, False, True, False, True, False]",138,0.04376721382141113,1752098457.6997263
8,"[True, False, True, False, True, False, True, False]",170,0.1188805103302002,1752098457.8186069
9,"[True, False, True, False, False, True, False, False]",164,0.003982067108154297,1752098457.822589
10,"[True, False, False, False, False, True, False, False]",132,0.03713583946228027,1752098457.8597248
11,"[False, False, False, False, False, True, False, False]",4,0.06046605110168457,1752098457.9201908
12,"[False, True, False, False, False, True, False, True]",69,0.5399160385131836,1752098458.4601068
13,"[False, True, True, False, False, True, False, True]",101,0.2808413505554199,1752098458.7409482
14,"[False, True, False, False, False, True, False, True]",69,0.05793595314025879,1752098458.7988842
15,"[False, True, False, True, True, False, False, True]",89,0.1688551902770996,1752098458.9677393
16,"[False, False, False, True, True, False, False, True]",25,0.07126045227050781,1752098459.0389998
17,"[False, False, False, False, True, False, False, True]",9,0.04790210723876953,1752098459.086902
18,"[True, False, False, False, True, False, True, False]",138,0.2077622413635254,1752098459.2946641
19,"[True, False, False, True, True, False, True, False]",154,0.09120416641235352,1752098459.3858683
20,"[True, False, False, False, True, False, True, False]",138,0.04238533973693848,1752098459.4282537
21,"[True, False, True, False, True, False, True, False]",170,0.11826133728027344,1752098459.546515
22,"[True, False, True, False, False, True, False, False]",164,0.0019969940185546875,1752098459.548512
23,"[True, False, False, False, False, True, False, False]",132,0.04185748100280762,1752098459.5903695
24,"[False, False, False, False, False, True, False, False]",4,0.05736708641052246,1752098459.6477365
25,"[False, True, False, False, False, True, False, True]",69,0.5402483940124512,1752098460.187985
26,"[False, True, True, False, False, True, False, True]",101,0.2824571132659912,1752098460.470442
27,"[False, True, False, False, False, True, False, True]",69,0.056299448013305664,1752098460.5267415
28,"[False, True, False, True, True, False, False, True]",89,0.16886687278747559,1752098460.6956084
29,"[False, False, False, True, True, False, False, True]",25,0.06977105140686035,1752098460.7653794
30,"[False, False, False, False, True, False, False, True]",9,0.051081180572509766,1752098460.8164606
31,"[True, False, False, False, True, False, True, False]",138,0.20707249641418457,1752098461.023533
32,"[True, False, False, True, True, False, True, False]",154,0.08973884582519531,1752098461.113272
33,"[True, False, False, False, True, False, True, False]",138,0.045475006103515625,1752098461.158747
34,"[True, False, True, False, True, False, True, False]",170,0.11916160583496094,1752098461.2779086
35,"[True, False, True, False, False, True, False, False]",164,0.00199127197265625,1752098461.2798998
36,"[True, False, False, False, False, True, False, False]",132,0.04085111618041992,1752098461.320751
37,"[False, False, False, False, False, True, False, False]",4,0.057859182357788086,1752098461.3786101
38,"[False, True, False, False, False, True, False, True]",69,0.541558027267456,1752098461.9201682
39,"[False, True, True, False, False, True, False, True]",101,0.2807774543762207,1752098462.2009456
40,"[False, True, False, False, False, True, False, True]",69,0.05725264549255371,1752098462.2581983
41,"[False, True, False, True, True, False, False, True]",89,0.1671736240386963,1752098462.425372
42,"[False, False, False, True, True, False, False, True]",25,0.07000422477722168,1752098462.495376
43,"[False, False, False, False, True, False, False, True]",9,0.05135154724121094,1752098462.5467277
44,"[True, False, False, False, True, False, True, False]",138,0.20671510696411133,1752098462.7534428
45,"[True, False, False, True, True, False, True, False]",154,0.08638596534729004,1752098462.8398287
46,"[True, False, False, False, True, False, True, False]",138,0.04429054260253906,1752098462.8841193
47,"[True, False, True, False, True, False, True, False]",170,0.11894512176513672,1752098463.0030644
48,"[True, False, True, False, False, True, False, False]",164,0.001993894577026367,1752098463.0050583
49,"[True, False, False, False, False, True, False, False]",132,0.041106224060058594,1752098463.0461645
50,"[False, False, False, False, False, True, False, False]",4,0.057312726974487305,1752098463.1034772
51,"[False, True, False, False, False, True, False, True]",69,0.5409901142120361,1752098463.6444674
52,"[False, True, True, False, False, True, False, True]",101,0.2807807922363281,1752098463.926195
53,"[False, True, False, False, False, True, False, True]",69,0.058650970458984375,1752098463.983899
54,"[False, True, False, True, True, False, False, True]",89,0.1677391529083252,1752098464.1516383
55,"[False, False, False, True, True, False, False, True]",25,0.07032895088195801,1752098464.2219672
56,"[False, False, False, False, True, False, False, True]",9,0.050337791442871094,1752098464.272305
57,"[True, False, False, False, True, False, True, False]",138,0.20722174644470215,1752098464.4795268
58,"[True, False, False, True, True, False, True, False]",154,0.08798956871032715,1752098464.5675163
59,"[True, False, False, False, True, False, True, False]",138,0.0455930233001709,1752098464.6131094
60,"[True, False, True, False, False, False, False, False]",160,0.11929845809936523,1752098464.7324078
61,"[True, False, True, False, False, True, False, False]",164,0.002002239227294922,1752098464.73441
62,"[True, False, False, False, False, True, False, False]",132,0.03980398178100586,1752098464.774214
63,"[False, False, False, False, False, True, False, False]",4,0.05869579315185547,1752098464.8329098
64,"[False, True, False, False, False, True, False, True]",69,0.5406699180603027,1752098465.3735797
65,"[False, True, True, False, False, True, False, True]",101,0.280994176864624,1752098465.654574
66,"[False, True, False, False, False, True, False, True]",69,0.056548118591308594,1752098465.711122
67,"[False, True, False, True, True, False, False, True]",89,0.16912341117858887,1752098465.8802454
68,"[False, False, False, True, True, False, False, True]",25,0.07022786140441895,1752098465.9504733
69,"[False, False, False, False, True, False, False, True]",9,0.04984235763549805,1752098466.0003157
70,"[True, False, False, False, True, False, True, False]",138,0.206878662109375,1752098466.2071943
71,"[True, False, False, True, True, False, True, False]",154,0.09173083305358887,1752098466.2989252
72,"[True, False, False, False, True, False, True, False]",138,0.04441356658935547,1752098466.3433387
73,"[True, False, True, False, False, False, False, False]",160,0.12175321578979492,1752098466.465092
74,"[True, False, True, False, False, True, False, False]",164,0.0019190311431884766,1752098466.467011
75,"[True, False, False, False, False, True, False, False]",132,0.0369720458984375,1752098466.503983
76,"[False, False, False, False, False, True, False, False]",4,0.057859182357788086,1752098466.5618422
77,"[False, True, False, False, False, True, False, True]",69,0.5468981266021729,1752098467.1087403
78,"[False, True, True, False, False, True, False, True]",101,0.27740979194641113,1752098467.3861501
79,"[False, True, False, False, False, True, False, True]",69,0.05446887016296387,1752098467.440619
80,"[False, True, False, True, True, False, False, True]",89,0.17742323875427246,1752098467.6180422
81,"[False, False, False, True, True, False, False, True]",25,0.06990647315979004,1752098467.6879487
82,"[False, False, False, False, True, False, False, True]",9,0.04864048957824707,1752098467.7365892
83,"[True, False, False, False, True, False, True, False]",138,0.2079155445098877,1752098467.9445047
84,"[True, False, False, True, True, False, True, False]",154,0.08909988403320312,1752098468.0336046
85,"[True, False, False, False, True, False, True, False]",138,0.043859243392944336,1752098468.0774639
86,"[True, False, True, False, True, False, True, False]",170,0.12222766876220703,1752098468.1996915
87,"[True, False, True, False, False, True, False, False]",164,0.0019903182983398438,1752098468.2016819
88,"[True, False, False, False, False, True, False, False]",132,0.03848862648010254,1752098468.2401705
89,"[False, False, False, False, False, True, False, False]",4,0.058465003967285156,1752098468.2986355
90,"[False, True, False, False, False, True, False, True]",69,0.5415787696838379,1752098468.8402143
91,"[False, True, True, False, False, True, False, True]",101,0.28064894676208496,1752098469.1208632
92,"[False, True, False, False, False, True, False, True]",69,0.055982351303100586,1752098469.1768456
93,"[False, True, False, True, True, False, False, True]",89,0.1784195899963379,1752098469.3552651
94,"[False, False, False, True, True, False, False, True]",25,0.06926321983337402,1752098469.4245284
95,"[False, False, False, False, True, False, False, True]",9,0.04915595054626465,1752098469.4736843
96,"[True, False, False, False, True, False, True, False]",138,0.20764994621276855,1752098469.6813343
97,"[True, False, False, True, True, False, True, False]",154,0.09048700332641602,1752098469.7718213
98,"[True, False, False, False, True, False, True, False]",138,0.04569602012634277,1752098469.8175173
99,"[True, False, True, False, True, False, True, False]",170,0.12131977081298828,1752098469.938837
100,"[True, False, True, False, False, True, False, False]",164,0.0019927024841308594,1752098469.9408298
101,"[True, False, False, False, False, True, False, False]",132,0.03997445106506348,1752098469.9808042
102,"[False, False, False, False, False, True, False, False]",4,0.057890892028808594,1752098470.038695
103,"[False, True, False, False, False, True, False, True]",69,0.540790319442749,1752098470.5794854
104,"[False, True, True, False, False, True, False, True]",101,0.2801625728607178,1752098470.859648
105,"[False, True, False, False, False, True, False, True]",69,0.05608677864074707,1752098470.9157348
106,"[False, True, False, True, True, False, False, True]",89,0.17917442321777344,1752098471.0949092
107,"[False, False, False, True, True, False, False, True]",25,0.07166719436645508,1752098471.1665764
108,"[False, False, False, False, True, False, False, True]",9,0.04666543006896973,1752098471.2132418
109,"[True, False, False, False, True, False, True, False]",138,0.20895051956176758,1752098471.4221923
110,"[True, False, False, True, True, False, True, False]",154,0.08988499641418457,1752098471.5120773
111,"[True, False, False, False, True, False, True, False]",138,0.043421268463134766,1752098471.5554986
112,"[True, False, True, False, True, False, True, False]",170,0.12362504005432129,1752098471.6791236
113,"[True, False, True, False, False, True, False, False]",164,0.0019931793212890625,1752098471.6811168
114,"[True, False, False, False, False, True, False, False]",132,0.041929006576538086,1752098471.7230458
115,"[False, False, False, False, False, True, False, False]",4,0.056815385818481445,1752098471.7798612
116,"[False, True, False, False, False, True, False, True]",69,0.5412507057189941,1752098472.321112
117,"[False, True, True, False, False, True, False, True]",101,0.2791287899017334,1752098472.6002407
118,"[False, True, False, False, False, True, False, True]",69,0.05656623840332031,1752098472.656807
119,"[False, True, False, True, True, False, False, True]",89,0.17771077156066895,1752098472.8345177
120,"[False, False, False, True, True, False, False, True]",25,0.07192611694335938,1752098472.9064438
121,"[False, False, False, False, True, False, False, True]",9,0.04633378982543945,1752098472.9527776
122,"[True, False, False, False, True, False, True, False]",138,0.2105426788330078,1752098473.1633203
123,"[True, False, False, True, True, False, True, False]",154,0.0854957103729248,1752098473.248816
124,"[True, False, False, False, True, False, True, False]",138,0.043047428131103516,1752098473.2918634
125,"[True, False, True, False, True, False, True, False]",170,0.12243032455444336,1752098473.4142938
126,"[True, False, True, False, False, True, False, False]",164,0.0026273727416992188,1752098473.4169211
127,"[True, False, False, False, False, True, False, False]",132,0.03904271125793457,1752098473.4559639
128,"[False, False, False, False, False, True, False, False]",4,0.05899357795715332,1752098473.5149574
129,"[False, True, False, False, False, True, False, True]",69,0.5416123867034912,1752098474.0565698
130,"[False, True, True, False, False, True, False, True]",101,0.2794065475463867,1752098474.3359764
131,"[False, True, False, False, False, True, False, True]",69,0.05583000183105469,1752098474.3918064
132,"[False, True, False, True, True, False, False, True]",89,0.17951726913452148,1752098474.5713236
133,"[False, False, False, True, True, False, False, True]",25,0.07112503051757812,1752098474.6424487
134,"[False, False, False, False, True, False, False, True]",9,0.04801464080810547,1752098474.6904633
135,"[True, False, False, False, True, False, True, False]",138,0.2089242935180664,1752098474.8993876
136,"[True, False, False, True, True, False, True, False]",154,0.08832812309265137,1752098474.9877157
137,"[True, False, False, False, True, False, True, False]",138,0.04501056671142578,1752098475.0327263
139,"[True, False, True, False, False, True, False, False]",164,0.0019407272338867188,1752098475.1564074
138,"[True, False, True, False, True, False, True, False]",170,0.12174034118652344,1752098475.1544666
140,"[True, False, False, False, False, True, False, False]",132,0.03950786590576172,1752098475.1959152
141,"[False, False, False, False, False, True, False, False]",4,0.0594174861907959,1752098475.2553327
142,"[False, True, False, False, False, True, False, True]",69,0.5404257774353027,1752098475.7957585
143,"[False, True, True, False, False, True, False, True]",101,0.2807936668395996,1752098476.0765522
144,"[False, True, False, False, False, True, False, True]",69,0.055437564849853516,1752098476.1319897
145,"[False, True, False, True, True, False, False, True]",89,0.1795823574066162,1752098476.311572
146,"[False, False, False, True, True, False, False, True]",25,0.07231497764587402,1752098476.383887
147,"[False, False, False, False, True, False, False, True]",9,0.046546220779418945,1752098476.4304333
148,"[True, False, False, False, True, False, True, False]",138,0.2091667652130127,1752098476.6396
149,"[True, False, False, True, True, False, True, False]",154,0.08318161964416504,1752098476.7227817
150,"[True, False, False, False, True, False, True, False]",138,0.04418492317199707,1752098476.7669666
151,"[True, False, True, False, False, False, False, False]",160,0.12144827842712402,1752098476.8884149
152,"[True, False, True, False, False, True, False, False]",164,0.0019421577453613281,1752098476.890357
153,"[True, False, False, False, False, True, False, False]",132,0.03992271423339844,1752098476.9302797
154,"[False, False, False, False, False, True, False, False]",4,0.05813169479370117,1752098476.9884114
155,"[False, False, False, False, False, False, False, False]",0,0.08459997177124023,1752098477.0730114
156,"[False, True, False, False, False, False, False, False]",64,0.4576752185821533,1752098477.5306866
157,"[False, True, True, False, False, False, False, False]",96,4.2893853187561035,1752098481.820072
158,"[False, True, True, False, False, False, False, False]",96,30.00124716758728,1752098511.821319
